ID,setSize,enrichmentScore,NES,pvalue,p.adjust,qvalue,rank,leading_edge,core_enrichment,MSigDB_gene_sets
REACTOME_ACTIVATED_PKN1_STIMULATES_TRANSCRIPTION_OF_AR_ANDROGEN_RECEPTOR_REGULATED_GENES_KLK2_AND_KLK3,26,-0.8216787286152286,-2.2977361416800433,1.1107666381488067e-6,1.906709215143075e-4,1.7852614156907827e-4,371,"tags=46%, list=3%, signal=45%",85236/8349/8338/8355/8357/8294/8970/8341/8339/3017/8365/8334,C2
REACTOME_RHO_GTPASES_ACTIVATE_ROCKS,18,-0.8170186390232492,-2.0994086174942743,4.9642758882666814e-5,0.003578485653016643,0.0033505540919380656,464,"tags=11%, list=3%, signal=11%",388/79784,C2
REACTOME_SEMA4D_INDUCED_CELL_MIGRATION_AND_GROWTH_CONE_COLLAPSE,19,-0.8100770402902221,-2.1094642429117263,5.121807755659706e-5,0.0036305080641367885,0.003399262936782574,464,"tags=16%, list=3%, signal=15%",2064/388/79784,C2
REACTOME_ASSEMBLY_OF_THE_ORC_COMPLEX_AT_THE_ORIGIN_OF_REPLICATION,30,-0.803519573253837,-2.311240632967916,3.893255365368509e-7,8.046167078069473e-5,7.53366665173483e-5,371,"tags=40%, list=3%, signal=39%",85236/8349/8338/8355/8357/8294/8970/8341/8339/3017/8365/8334,C2
REACTOME_DNA_METHYLATION,26,-0.7966156461534605,-2.227649928676373,7.094865589637598e-6,7.017317058774118e-4,6.570349210672959e-4,371,"tags=46%, list=3%, signal=45%",85236/8349/8338/8355/8357/8294/8970/8341/8339/3017/8365/8334,C2
REACTOME_RHO_GTPASES_ACTIVATE_PKNS,52,-0.7946028673060856,-2.5583678457748444,3.993824097240988e-11,4.246433471391481e-8,3.9759569894375424e-8,464,"tags=25%, list=3%, signal=24%",388/8338/2810/8355/8357/8294/8970/8341/8339/3017/8365/8334/79784,C2
REACTOME_SUMOYLATION_OF_TRANSCRIPTION_FACTORS,16,-0.792770835799415,-1.9804669390348244,7.388252678241596e-4,0.02725656699419982,0.025520460588577206,343,"tags=12%, list=2%, signal=12%",668/4286,C2
REACTOME_SIRT1_NEGATIVELY_REGULATES_RRNA_EXPRESSION,29,-0.7889580094160443,-2.254560345988801,2.695457020895342e-6,3.4279875241838834e-4,3.209641937947859e-4,1213,"tags=45%, list=8%, signal=41%",85236/8349/23378/8338/8355/8357/8294/8970/8341/8339/3017/8365/8334,C2
REACTOME_CONDENSATION_OF_PROPHASE_CHROMOSOMES,34,-0.7872212469963342,-2.326026268131958,2.6387287540450264e-7,6.234729661640832e-5,5.837608699738208e-5,1213,"tags=41%, list=8%, signal=38%",85236/5925/8349/8338/79648/8355/8357/8294/8970/8341/8339/3017/8365/8334,C2
REACTOME_RHO_GTPASES_ACTIVATE_CIT,17,-0.7832443422397618,-1.9851064123516693,8.304393779254114e-4,0.02848273124449012,0.02666852433524475,464,"tags=12%, list=3%, signal=11%",388/79784,C2
REACTOME_RHO_GTPASES_ACTIVATE_PAKS,19,-0.782086277915141,-2.0365754811947934,2.0247504258040714e-4,0.010013097163889205,0.009375313171134398,2,"tags=11%, list=0%, signal=11%",4771/79784,C2
NEWMAN_ERCC6_TARGETS_UP,16,-0.7820130209497402,-1.9535922159951522,9.235315847801995e-4,0.031172855794207845,0.029187301463855432,745,"tags=31%, list=5%, signal=30%",137075/26872/2171/84803/7130,C2
REACTOME_PRC2_METHYLATES_HISTONES_AND_DNA,34,-0.7819156120629284,-2.3103495492028028,4.215627908747085e-7,8.046167078069473e-5,7.53366665173483e-5,371,"tags=35%, list=3%, signal=34%",85236/8349/8338/8355/8357/8294/8970/8341/8339/3017/8365/8334,C2
ALONSO_METASTASIS_NEURAL_UP,16,-0.7726005749897049,-1.9300784372364967,0.0012929442186922792,0.03984704175433524,0.03730898534944998,8,"tags=25%, list=0%, signal=25%",5376/6281/4286/2012,C2
KERLEY_RESPONSE_TO_CISPLATIN_UP,41,-0.7693850639975667,-2.362118073033884,1.944306910985275e-7,5.327182714333134e-5,4.9878679342933774e-5,1027,"tags=44%, list=7%, signal=41%",10544/4000/27244/8870/8493/57103/9263/7832/55332/23612/8061/10769/1263/857/1026/5054/9518/301,C2
REACTOME_ERCC6_CSB_AND_EHMT2_G9A_POSITIVELY_REGULATE_RRNA_EXPRESSION,37,-0.7691707772308028,-2.3163126585938754,2.1293700010266465e-7,5.327182714333134e-5,4.9878679342933774e-5,371,"tags=32%, list=3%, signal=32%",85236/8349/8338/8355/8357/8294/8970/8341/8339/3017/8365/8334,C2
AMUNDSON_DNA_DAMAGE_RESPONSE_TP53,16,-0.7680535366633793,-1.9187192163000562,0.001699298115995567,0.04916404685257923,0.046032544022994844,1573,"tags=56%, list=11%, signal=50%",1509/6768/8493/577/3976/7832/23612/8744/1026,C2
REACTOME_SEMA4D_IN_SEMAPHORIN_SIGNALING,23,-0.7627686065052258,-2.0751942228153815,1.7302428019585727e-4,0.008865930887626277,0.008301215624361803,1355,"tags=17%, list=9%, signal=16%",2064/4233/388/79784,C2
REACTOME_RECOGNITION_AND_ASSOCIATION_OF_DNA_GLYCOSYLASE_WITH_SITE_CONTAINING_AN_AFFECTED_PURINE,26,-0.7599165213061583,-2.12502477532503,7.32215267032183e-5,0.00462925954058985,0.004334398960993826,371,"tags=38%, list=3%, signal=38%",85236/8349/8338/8294/8970/8341/8339/3017/8365/8334,C2
WANG_BARRETTS_ESOPHAGUS_AND_ESOPHAGUS_CANCER_DN,21,-0.7575374619756963,-2.0176054207510186,2.706508082106046e-4,0.012377181584082811,0.011588817288746093,354,"tags=29%, list=2%, signal=28%",2878/874/4739/239/301/2012,C2
REACTOME_CHOLESTEROL_BIOSYNTHESIS,24,-0.7332954799614517,-2.0143439648560255,6.917722339919582e-4,0.026036347886440693,0.024377963308724528,3149,"tags=79%, list=22%, signal=62%",6307/2222/2224/3930/10654/3156/3157/6713/10682/39/1718/50814/1717/3422/51478/4047/4597/4598/1595,C2
REACTOME_TRANSCRIPTIONAL_REGULATION_OF_GRANULOPOIESIS,42,-0.7304325235008405,-2.2537617865990063,2.397227076990073e-6,3.4279875241838834e-4,3.209641937947859e-4,1213,"tags=38%, list=8%, signal=35%",85236/8349/4609/3570/8338/8355/8357/8294/8970/8341/8339/688/3017/8365/1026/8334,C2
REACTOME_RNA_POLYMERASE_I_PROMOTER_ESCAPE,51,-0.7211557126796171,-2.3104433035281335,6.379159649127499e-8,2.4664150897944774e-5,2.3093168375740987e-5,1262,"tags=33%, list=9%, signal=30%",2966/5441/85236/84172/9533/8349/10849/8338/8355/8357/8294/8970/8341/8339/3017/8365/8334,C2
REACTOME_HDACS_DEACETYLATE_HISTONES,48,-0.712822465396386,-2.2597201813873626,2.6765335426115286e-6,3.4279875241838834e-4,3.209641937947859e-4,371,"tags=33%, list=3%, signal=33%",85236/8349/25855/8338/8355/8357/8294/8970/8969/8341/8339/92815/3017/8365/8334/2874,C2
REACTOME_DNA_DAMAGE_TELOMERE_STRESS_INDUCED_SENESCENCE,46,-0.712673241066954,-2.238385400204553,1.4673568197094258e-6,2.311358723786736e-4,2.1641367832205685e-4,1413,"tags=35%, list=10%, signal=31%",10524/85236/5925/8349/3006/8338/8900/9134/8294/8970/8341/8339/3017/8365/1026/8334,C2
REACTOME_DEPOSITION_OF_NEW_CENPA_CONTAINING_NUCLEOSOMES_AT_THE_CENTROMERE,44,-0.7069190301121174,-2.204315105417152,3.5621865849259082e-6,0.00043185541158004325,4.0434839110653877e-4,1217,"tags=30%, list=9%, signal=27%",201254/85236/8349/401541/8338/378708/8294/8970/8341/8339/3017/8365/8334,C2
REACTOME_BASE_EXCISION_REPAIR_AP_SITE_FORMATION,33,-0.705849017253776,-2.072962498875833,1.273993542725554e-4,0.006858600680014913,0.006421742267995698,371,"tags=30%, list=3%, signal=30%",85236/8349/8338/8294/8970/8341/8339/3017/8365/8334,C2
GOMF_SNORNA_BINDING,32,-0.6998886938731259,-2.0430713865419396,1.308520031698706e-4,0.038250657566616574,0.03787270188588171,3351,"tags=75%, list=23%, signal=58%",9221/55651/27042/9790/84309/55127/55813/11164/54433/4809/10528/283927/10607/10885/705/9188/55720/92856/55505/55272/8602/57647/9136/3669,C5
REACTOME_INHIBITION_OF_DNA_RECOMBINATION_AT_TELOMERE,38,-0.6830933355463291,-2.0660966854647413,8.520924106808989e-5,0.005104153552994173,0.004779044610238459,1567,"tags=37%, list=11%, signal=33%",5439/5438/5441/85236/5436/8349/8338/8294/8970/8341/8339/3017/8365/8334,C2
WANG_METHYLATED_IN_BREAST_CANCER,30,-0.6737824707591413,-1.9380653266402652,0.0010191206444724837,0.03412850473182263,0.031954690410604274,1866,"tags=43%, list=13%, signal=38%",8140/3624/8877/1316/7378/9263/23764/1969/2152/1839/8061/857/9518,C2
REACTOME_B_WICH_COMPLEX_POSITIVELY_REGULATES_RRNA_EXPRESSION,52,-0.6676868650038169,-2.1497387899733944,5.634247091084453e-6,5.990613219595544e-4,5.609041248834865e-4,1232,"tags=33%, list=9%, signal=30%",5441/85236/10514/84172/9533/8349/10849/8338/8355/8357/8294/8970/8341/8339/3017/8365/8334,C2
HALLMARK_MYC_TARGETS_V2,56,-0.6652639798309892,-2.165172806874177,2.105566213213839e-6,5.263915533034597e-5,4.5435902495667054e-5,3550,"tags=80%, list=25%, signal=61%",3329/7374/9221/6652/8886/23160/3336/10199/26354/10528/5245/6832/54663/51154/4174/1019/6949/5036/79077/4173/51388/23082/705/23481/79050/80324/92856/2193/64216/6723/10171/9238/83743/29078/10514/7965/4609/27340/9136/1844/56915/23223/10244/51491/56342,Hallmark
AMIT_EGF_RESPONSE_120_MCF10A,36,-0.664420079816221,-1.9875357832059075,3.582835547769266e-4,0.015805621781712964,0.01479888306711551,1513,"tags=36%, list=11%, signal=32%",220/581/10045/79693/6737/23764/1969/644096/3976/23612/1839/8061/9518,C2
REACTOME_SENESCENCE_ASSOCIATED_SECRETORY_PHENOTYPE_SASP,66,-0.6610228885313225,-2.215234430018851,3.712627729473548e-7,8.046167078069473e-5,7.53366665173483e-5,1409,"tags=29%, list=10%, signal=26%",246184/4790/85236/8349/25906/3725/8338/8900/8355/8357/8294/1032/8970/8341/8339/3017/8365/1026/8334,C2
REACTOME_AMYLOID_FIBER_FORMATION,58,-0.6554241148303088,-2.1491436258088474,3.6554890234849654e-6,0.00043185541158004325,4.0434839110653877e-4,371,"tags=29%, list=3%, signal=29%",6622/85236/55851/8349/8338/8355/8357/8294/8970/8341/8339/6406/4057/3017/8365/8334/796,C2
REACTOME_TRANSCRIPTIONAL_REGULATION_BY_SMALL_RNAS,68,-0.6541979880584233,-2.2037113764287324,2.0352538951934388e-7,5.327182714333134e-5,4.9878679342933774e-5,1567,"tags=24%, list=11%, signal=21%",5439/5438/5441/85236/5436/8349/8338/8355/8357/8294/8970/8341/8339/3017/8365/8334,C2
REACTOME_NEGATIVE_EPIGENETIC_REGULATION_OF_RRNA_EXPRESSION,69,-0.653876528464609,-2.2108180075324753,4.301124870765907e-7,8.046167078069473e-5,7.53366665173483e-5,1262,"tags=26%, list=9%, signal=24%",2966/5441/85236/84172/9533/8349/23378/10849/8338/8355/8357/8294/8970/8341/8339/3017/8365/8334,C2
REACTOME_RRNA_MODIFICATION_IN_THE_NUCLEUS_AND_CYTOSOL,58,-0.6497111330795223,-2.1304106893235244,5.117653046073908e-6,5.580866257680085e-4,5.22539311020178e-4,3987,"tags=79%, list=28%, signal=57%",2091/25879/1736/51504/22984/114049/84135/84128/51096/55651/27042/55226/23160/9790/55127/55813/10199/25926/54433/4809/51118/10528/27341/115939/27292/57050/10607/10885/84916/79050/92856/55505/10436/10171/55272/88745/56902/54555/8602/57647/27340/65083/9136/9277/10813/5822,C2
GOCC_DNA_PACKAGING_COMPLEX,67,-0.6467354388694445,-2.175264653606105,1.5079689050973192e-6,8.477105198808622e-4,8.393342715497144e-4,504,"tags=21%, list=4%, signal=20%",3006/8338/3662/8355/8357/8294/8970/8969/8341/8339/92815/3017/8365/8334,C5
GOBP_MATURATION_OF_SSU_RRNA,49,-0.6434845347001282,-2.0516161940531243,3.991073892627721e-5,0.015350930530170203,0.01519924761103765,3179,"tags=71%, list=22%, signal=56%",27042/55226/9790/55127/55813/8780/25926/153443/4809/25983/115939/57050/10607/90121/79954/64963/84294/28987/10885/161424/705/55720/10799/84916/85395/29777/83732/10171/88745/8602/57647/27340/9277/23212/5822,C5
GOCC_PRERIBOSOME,77,-0.6424377861092042,-2.2094083545899923,3.0087204352249314e-7,2.748466117577975e-4,2.7213084568073923e-4,3179,"tags=71%, list=22%, signal=56%",26156/27042/9790/90441/55127/55813/10199/23195/8780/10412/153443/4809/25983/51118/23076/10528/27341/54663/117246/80135/26155/57050/51154/10607/79954/84294/28987/51388/10885/161424/705/23481/55720/84916/79050/85395/92856/8568/10436/83732/55272/88745/8602/3692/10969/27340/65083/9136/9277/10813/23246/84946/23212/5822/56342,C5
REACTOME_DISEASES_OF_PROGRAMMED_CELL_DEATH,59,-0.6365390434475648,-2.0930305352966423,6.95755387233063e-6,7.017317058774118e-4,6.570349210672959e-4,1305,"tags=25%, list=9%, signal=23%",1020/85236/8349/4000/3725/8338/8355/8357/8294/8970/8341/8339/3017/8365/8334,C2
NAGASHIMA_EGF_SIGNALING_UP,50,-0.6330761249955853,-2.0214990184485733,2.0327004330700478e-5,0.0016625144118936372,0.0015566205947983788,1716,"tags=38%, list=12%, signal=34%",1847/1316/150094/3491/4609/8870/64782/1844/23764/1969/2669/3725/3976/23237/2354/4739/1839/8061/4982,C2
REACTOME_HCMV_EARLY_EVENTS,84,-0.6314243275104212,-2.1996158604248546,8.016186281268223e-8,2.8410700211861462e-5,2.660108131757692e-5,371,"tags=24%, list=3%, signal=23%",6907/7280/4790/84617/85236/8349/8338/8355/10381/8357/8294/8970/8969/8341/8339/92815/3017/8365/8334/2874,C2
REACTOME_POSITIVE_EPIGENETIC_REGULATION_OF_RRNA_EXPRESSION,67,-0.6247714796173498,-2.0993920427878447,3.925531008822651e-6,4.512238751492631e-4,4.224831808357351e-4,1232,"tags=25%, list=9%, signal=23%",5441/85236/10514/84172/9533/8349/10849/8338/8355/8357/8294/8970/8341/8339/3017/8365/8334,C2
REACTOME_RNA_POLYMERASE_I_TRANSCRIPTION,71,-0.6234280039573168,-2.11831815063372,4.7931293429495144e-6,5.36452081462218e-4,5.022827785146264e-4,1262,"tags=24%, list=9%, signal=22%",2966/5441/85236/84172/9533/8349/10849/8338/8355/8357/8294/8970/8341/8339/3017/8365/8334,C2
REACTOME_ACTIVATION_OF_ANTERIOR_HOX_GENES_IN_HINDBRAIN_DEVELOPMENT_DURING_EARLY_EMBRYOGENESIS,68,-0.6226812887134417,-2.097545184905965,2.740455580114085e-6,3.4279875241838834e-4,3.209641937947859e-4,1567,"tags=28%, list=11%, signal=25%",5439/63925/5438/5441/85236/5436/8349/3725/1959/8338/8355/8357/8294/8970/8341/8339/3017/8365/8334,C2
REACTOME_HCMV_LATE_EVENTS,71,-0.6172124829422244,-2.0971987095782345,7.284004280078256e-6,7.040652318902914e-4,6.592198131946423e-4,371,"tags=17%, list=3%, signal=17%",8338/8355/8357/8294/8970/8969/8341/8339/92815/3017/8365/8334,C2
REACTOME_MITOCHONDRIAL_TRANSLATION,92,-0.6161511012579701,-2.176060221300669,1.413381836330556e-8,7.3939211623890125e-6,6.922965524600007e-6,4069,"tags=74%, list=29%, signal=53%",118487/10884/54460/29074/3396/55168/65003/51642/64969/29093/122704/84311/26284/54948/51023/51650/64965/65005/55052/123263/65008/51021/51258/29088/54534/54516/85476/60488/11222/55173/64968/63875/54998/64928/51081/7284/56945/51318/64960/79590/10102/51073/64949/64976/64963/51253/51649/51069/57129/84545/65993/51116/740/64983/28973/90480/9553/65080/219927/6150/64981/92399/51264/64979/6182/28957/6183/64978,C2
SMIRNOV_RESPONSE_TO_IR_2HR_UP,48,-0.6139553314422517,-1.946301246494717,2.8981345584928685e-4,0.01311251731624486,0.012277315828419398,1092,"tags=33%, list=8%, signal=31%",27113/27244/8870/6004/64782/8493/57103/3113/3725/23612/8061/10769/8744/688/1026/9518,C2
GOBP_RIBOSOMAL_LARGE_SUBUNIT_BIOGENESIS,69,-0.613322044693202,-2.076313746120254,4.520599411582368e-6,0.00220243603332293,0.0021806737091380492,4949,"tags=81%, list=35%, signal=53%",6169/54680/6147/285855/6165/9045/6128/4869/6134/55153/81887/84231/220717/11224/6152/51018/51121/22907/4931/55052/22868/26156/55651/54475/8886/65008/90441/23195/10412/23560/4809/6838/55299/54663/117246/80135/26155/51154/84154/51388/55794/84365/6154/9875/23481/115416/220064/55027/2971/55003/3692/10969/23246/23212/51491/56342,C5
GOCC_ORGANELLAR_RIBOSOME,79,-0.6125377997308806,-2.1168615551422443,6.087192738779461e-7,4.4485204535000297e-4,4.404564514354739e-4,4007,"tags=75%, list=28%, signal=54%",10884/54460/29074/3396/55168/65003/51642/64969/29093/122704/84311/54948/51023/51650/64965/65005/55052/51021/26164/51258/29088/54534/60488/11222/55173/64968/63875/64928/51081/56945/51318/64960/79590/51073/64949/64976/64963/51253/51069/57129/84545/65993/51116/740/64983/28973/9553/65080/219927/6150/64981/51264/64979/6182/28957/6183/84769/64978/92170,C5
REACTOME_RMTS_METHYLATE_HISTONE_ARGININES,44,-0.6093122504745865,-1.8999576195081804,5.602346915479986e-4,0.022910366761092673,0.021451091479008894,592,"tags=20%, list=4%, signal=20%",79084/8338/8355/8357/8294/8969/92815/8365/8334,C2
REACTOME_MEIOTIC_RECOMBINATION,43,-0.605442925192858,-1.8789513678456924,8.301707779886148e-4,0.02848273124449012,0.02666852433524475,371,"tags=30%, list=3%, signal=30%",5889/85236/8349/8338/8355/8357/8294/8970/8341/8339/3017/8365/8334,C2
REACTOME_SCF_SKP2_MEDIATED_DEGRADATION_OF_P27_P21,58,-0.6046579735283552,-1.9826808324551846,6.795086444533323e-5,0.00444607733055388,0.00416288453759831,4015,"tags=76%, list=28%, signal=55%",5707/5684/5685/5694/5711/5688/5706/5708/5718/5692/5705/8454/7979/5717/5690/5700/5719/5713/5689/890/7311/5714/5695/6502/9861/5709/5702/10213/5693/5682/9491/5701/5691/1019/5686/898/5704/5687/10197/5683/5715/8900/9134/1026,C2
REACTOME_TRNA_MODIFICATION_IN_THE_NUCLEUS_AND_CYTOSOL,42,-0.6005582631551908,-1.8530325808033128,0.0012314548759749019,0.03851012932000925,0.036057227521772865,2600,"tags=55%, list=18%, signal=45%",54517/54920/79691/54802/54888/81890/4234/51605/10785/24140/63892/55644/55039/80324/55621/348180/54482/83480/81605/115708/8270/90353/113179,C2
REACTOME_FORMATION_OF_THE_BETA_CATENIN_TCF_TRANSACTIVATING_COMPLEX,51,-0.5982082618073977,-1.9165434708580538,9.196109472456613e-5,0.005357678573473695,0.005016421360389815,371,"tags=27%, list=3%, signal=27%",10524/85236/8349/4609/8338/8355/8357/8294/8970/8341/8339/3017/8365/8334,C2
REACTOME_DNA_REPLICATION_PRE_INITIATION,105,-0.5974939051833351,-2.153424597965815,4.323780020324618e-8,1.8389036426440602e-5,1.721774717567161e-5,4015,"tags=64%, list=28%, signal=46%",5707/5684/54107/8318/5685/5694/3014/5711/5688/5706/5708/5718/5692/81620/5705/7979/5717/5690/5700/5719/4171/5713/990/5689/3015/7311/51053/5714/5695/9861/5709/23649/55388/5702/1869/10213/5693/5682/9491/5701/4174/5691/4998/4173/5686/5001/23198/5427/5704/5687/4175/10197/56655/85236/8349/5683/5715/8338/8355/8357/8294/8970/8341/8339/3017/8365/8334,C2
REACTOME_DEGRADATION_OF_DVL,54,-0.5932831355529465,-1.9210589891163181,1.6182096427586455e-4,0.008392982452015267,0.007858391628441536,4015,"tags=74%, list=28%, signal=53%",5707/5684/5685/5694/5711/5688/5706/5708/5718/5692/5705/7979/5717/5690/5700/5719/5713/5689/1856/7311/5714/5695/9861/5709/5702/10213/5693/5682/9491/5701/5691/5686/23198/5704/5687/10197/5683/5715/51339/23072,C2
REACTOME_HATS_ACETYLATE_HISTONES,95,-0.5890529416486782,-2.0894417943235024,1.2763776953427765e-6,2.0878593608818569e-4,1.954873207077621e-4,371,"tags=13%, list=3%, signal=12%",8338/8355/8357/8294/8970/8969/8341/8339/92815/3017/8365/8334,C2
REACTOME_CDT1_ASSOCIATION_WITH_THE_CDC6_ORC_ORIGIN_COMPLEX,56,-0.5883842994879634,-1.9168248539487673,1.467948648046099e-4,0.007707636543382789,0.007216698811641836,4015,"tags=75%, list=28%, signal=54%",5707/5684/5685/5694/5711/5688/5706/5708/5718/5692/81620/5705/7979/5717/5690/5700/5719/5713/990/5689/7311/51053/5714/5695/9861/5709/5702/10213/5693/5682/9491/5701/5691/4998/5686/5001/23198/5704/5687/10197/5683/5715,C2
REACTOME_ORC1_REMOVAL_FROM_CHROMATIN,68,-0.587329218665442,-1.9784592806886545,2.9617505010116747e-5,0.0022493437287147595,0.002106071831828415,4015,"tags=72%, list=28%, signal=52%",5707/5684/5685/5694/5711/5688/5706/5708/5718/5692/81620/5705/8454/7979/5717/5690/5700/5719/4171/5713/990/5689/890/7311/5714/5695/6502/9861/5709/5702/10213/5693/5682/9491/5701/4174/5691/4998/4173/5686/5001/23198/5704/5687/4175/10197/5683/5715/8900,C2
REACTOME_THE_ROLE_OF_GTSE1_IN_G2_M_PROGRESSION_AFTER_G2_CHECKPOINT,67,-0.5867296859416808,-1.9715618816143696,2.8659761010082622e-5,0.0022161811559251164,0.0020750215483472264,4059,"tags=73%, list=28%, signal=53%",347733/5707/3320/5684/7157/5685/5694/5711/5688/5706/5708/5718/5692/5705/7979/5717/84790/5690/5700/5719/5713/5689/7311/5714/5695/9861/5709/51512/5702/10383/10213/5693/5682/9491/5701/63943/5691/5686/23198/7277/5704/5687/7280/10197/84617/5683/5715/10381/1026,C2
GOCC_PROTEASOME_COMPLEX,56,-0.5853215815275606,-1.9085487070824798,1.231231068712046e-4,0.0374909860422818,0.03712053669441494,4015,"tags=73%, list=28%, signal=53%",5707/5684/7415/5685/9352/5694/5711/5688/5706/5708/5718/5692/5705/5717/5690/5700/23392/5719/5713/5689/5714/5695/3315/9861/5709/5702/10213/5693/5682/9491/5701/5691/5686/23198/5704/5687/90637/10197/11047/5683/5715,C5
GOBP_RIBOSOMAL_SMALL_SUBUNIT_BIOGENESIS,72,-0.5850515140435785,-1.9901338357283338,1.7410791589821193e-5,0.0074845920552007806,0.007410636618478693,3179,"tags=64%, list=22%, signal=50%",6193/6234/26284/27042/55226/9790/64434/55127/55813/8780/25926/153443/4809/25983/6838/27341/115939/51081/57050/10607/90121/64745/79954/64963/84294/28987/10885/161424/705/55720/10799/84916/85395/29777/10436/83732/10171/88745/8602/57647/27340/9277/84946/23212/5822/6218,C5
REACTOME_NONHOMOLOGOUS_END_JOINING_NHEJ,45,-0.5820921799439771,-1.8210115662449537,0.001289530242554498,0.03984704175433524,0.03730898534944998,218,"tags=20%, list=2%, signal=20%",10524/85236/8349/8294/8970/8341/8339/3017/8365,C2
REACTOME_DECTIN_1_MEDIATED_NONCANONICAL_NF_KB_SIGNALING,57,-0.5778045101857892,-1.889203498466353,2.7027677938644765e-4,0.012377181584082811,0.011588817288746093,4015,"tags=75%, list=28%, signal=54%",5707/8945/5684/5685/5694/5711/5688/5706/5708/5718/5692/5705/8454/7979/5717/5690/5700/5719/5713/5689/7311/5714/5695/9861/5709/5702/5970/10213/5693/5682/9491/5701/5691/5971/5686/23198/5704/5687/10197/9020/1147/5683/5715,C2
SCHUHMACHER_MYC_TARGETS_UP,80,-0.5741736518480476,-1.9873066927199217,8.050901720747322e-6,7.608996670741857e-4,7.124341803412192e-4,4089,"tags=65%, list=29%, signal=47%",7371/3939/6894/8165/23404/5425/5634/1104/10549/5902/4257/9221/191/205/6652/4522/3336/7407/4232/2395/5437/23076/5037/2653/6059/11222/1662/22934/54205/2288/10607/1019/2194/1503/9188/4953/6574/6723/56902/7965/4830/10969/4609/2180/23171/23246/10244/23212/7037/2171/1595/7347,C2
REACTOME_METABOLISM_OF_POLYAMINES,54,-0.5716879919430746,-1.8511336157710312,3.5677818482523463e-4,0.015805621781712964,0.01479888306711551,4015,"tags=81%, list=28%, signal=59%",5707/5684/5685/5694/5711/5688/5706/5708/5718/6611/5692/5705/4946/7979/262/5717/5690/5700/5719/5713/5689/5714/5695/9861/5709/5702/10213/5693/5682/9491/5701/5691/5686/23198/5704/5687/4953/10197/6723/5683/54498/79814/5715/1728,C2
GOBP_MITOCHONDRIAL_TRANSLATION,70,-0.5703088372945505,-1.9365948167059772,5.1082087784670093e-5,0.01866539487651845,0.018480961654306433,3941,"tags=69%, list=28%, signal=50%",54460/3396/55157/55168/285367/51654/5188/54948/6472/22868/283459/81554/51021/26995/26164/51258/51335/23395/54516/85476/54931/64968/51081/7284/64960/10102/55278/64963/79072/51069/57129/65993/51116/84881/28973/708/28958/10352/51204/65080/115416/8846/6150/28957/6183/54938/84769/92170,C5
PID_P73PATHWAY,69,-0.5702121012086593,-1.9279407144727725,5.459906795371843e-5,0.00380671862306827,0.0035642497682297986,1413,"tags=23%, list=10%, signal=21%",10524/581/5925/27113/8682/3714/4609/64782/9540/2810/9134/1263/1026/5054/9518/174,C2
REACTOME_HEDGEHOG_LIGAND_BIOGENESIS,55,-0.5701651180193411,-1.8512953824791498,7.95156603867844e-4,0.027948768894627607,0.026168572704933047,4015,"tags=71%, list=28%, signal=51%",5707/5684/7415/5685/5694/5711/5688/5706/5708/5718/5692/5705/7979/5717/5690/5700/5719/5713/5689/7311/5714/5695/9861/5709/5702/10213/5693/5682/9491/5701/5691/5686/23198/5704/5687/10197/5683/5715/85455,C2
REACTOME_TP53_REGULATES_TRANSCRIPTION_OF_CELL_CYCLE_GENES,48,-0.5690385774143178,-1.8039105384480891,0.001603592046183451,0.04671285597546724,0.0437374816922278,471,"tags=15%, list=3%, signal=14%",7832/2810/8900/9134/10769/1263/1026,C2
REACTOME_BASE_EXCISION_REPAIR,61,-0.5635144304169195,-1.8655053201697456,1.8344827662609398e-4,0.009288160958223544,0.008696551760357312,3261,"tags=51%, list=23%, signal=39%",10038/3014/10714/8505/7374/5985/5982/328/5111/3015/5424/65057/7014/6996/2237/4350/4968/4913/5427/54936/56655/85236/8349/8338/8294/8970/8341/8339/3017/8365/8334,C2
YAO_TEMPORAL_RESPONSE_TO_PROGESTERONE_CLUSTER_14,139,-0.562347789496361,-2.1043293255820563,3.3881709988320406e-9,2.4016485430054448e-6,2.248675594488002e-6,4283,"tags=61%, list=30%, signal=43%",2923/10694/7922/27346/6184/10010/6747/7064/5901/6634/51428/5707/2091/8893/1841/8531/3654/3276/9601/7163/7334/79081/7298/9343/5902/4677/10960/51012/55052/29927/55847/55651/7203/54815/328/7407/1388/8815/9861/9868/27000/5917/51389/10652/26472/5464/55173/56005/5693/54888/54663/2873/10952/79095/5691/1019/9643/79077/4311/8761/10430/11240/10287/1981/23198/28973/81037/23481/83871/4953/1509/581/84617/58/4830/3714/10969/221545/6182/396/56950/51303/51491/10381/796,C2
REACTOME_NEGATIVE_REGULATION_OF_NOTCH4_SIGNALING,53,-0.5607358117717618,-1.8101045804415852,5.883921462132377e-4,0.023308749528598204,0.02182409926533271,4015,"tags=74%, list=28%, signal=53%",5707/4855/5684/5685/5694/10460/5711/5688/5706/5708/5718/5692/5705/8454/7979/5717/5690/5700/5719/5713/5689/7311/5714/5695/9861/5709/5702/10213/5693/5682/9491/5701/5691/5686/5704/5687/10197/5683/5715,C2
REACTOME_MITOTIC_PROPHASE,103,-0.5597133402278486,-2.012655961139015,1.8728514985817485e-6,2.8447276512386343e-4,2.663532789148405e-4,1213,"tags=15%, list=8%, signal=13%",85236/5925/8349/4000/8338/79648/8355/8357/8294/8970/8341/8339/3017/8365/8334,C2
REACTOME_DNA_DOUBLE_STRAND_BREAK_RESPONSE,54,-0.5595347361632922,-1.811781205659085,6.536923998030029e-4,0.02504643041767722,0.023451098610286963,218,"tags=17%, list=2%, signal=16%",10524/85236/8349/8294/8970/8341/8339/3017/8365,C2
REACTOME_AUF1_HNRNP_D0_BINDS_AND_DESTABILIZES_MRNA,52,-0.5593413756888764,-1.8009008641327477,0.0010859237138591013,0.03580181050420742,0.0335214150104364,4111,"tags=79%, list=29%, signal=56%",26986/5707/5684/5685/5694/5711/5688/5706/5708/5718/5692/5705/7979/5717/5690/5700/5719/5713/5689/7311/5714/5695/3315/9861/5709/5702/10213/3312/5693/5682/9491/5701/5691/5686/1981/23198/5704/5687/10197/5683/5715,C2
REACTOME_RRNA_PROCESSING,197,-0.558995239087974,-2.1771014311617374,1.2234035908738151e-11,1.734378490662112e-8,1.623907292728296e-8,5499,"tags=81%, list=39%, signal=50%",6189/6125/6168/6129/51077/6175/6191/55623/6143/6159/6208/55781/6229/6144/6203/6224/6137/6169/11056/6161/90459/9349/6147/6235/6217/6132/134430/6233/6201/10438/6188/6222/6165/6141/9045/6157/6128/6187/6223/11103/6142/6170/6134/51602/81887/6176/6171/6207/6209/51106/5394/6206/11224/11340/6181/10200/6227/51065/6152/6210/2091/23404/22803/25879/1736/51121/51504/2197/6158/22984/10556/6193/6234/27043/114049/84135/84128/6155/51096/6166/54881/57418/55651/25873/27042/55226/23160/9790/4691/3028/55127/55813/10199/60528/8780/10557/25926/11102/26354/7311/54433/4809/51118/10528/27341/54931/115939/117246/27292/57050/10607/5393/81875/9692/28987/51388/10885/6154/6231/705/9188/23481/26168/6204/55720/55178/29960/10799/84916/79050/92856/55505/200916/8568/10436/51010/83732/10171/55272/88745/56902/54555/51013/8602/57647/10969/27340/65083/9136/9277/10813/56915/54512/23246/6139/84946/5822/79922/6218,C2
REACTOME_DEGRADATION_OF_AXIN,52,-0.5568285875056327,-1.7928104874732114,0.0013574046423238768,0.04114081870006018,0.03852035520247693,4015,"tags=75%, list=28%, signal=54%",5707/5684/5685/8313/5694/5711/5688/5706/5708/5718/5692/5705/7979/5717/5690/5700/5719/5713/5689/7311/5714/5695/8312/9861/5709/5702/10213/5693/5682/9491/5701/5691/5686/23198/5704/5687/10197/5683/5715,C2
REACTOME_DNA_REPLICATION,148,-0.5512014756840374,-2.075233818068489,1.564667069398098e-8,7.3939211623890125e-6,6.922965524600007e-6,4015,"tags=57%, list=28%, signal=41%",5707/5684/54107/8318/5685/5425/5694/3014/10714/5711/5688/5706/5708/5718/5692/81620/5705/8454/7979/5717/5985/5982/5690/5700/5719/5111/4171/5713/51434/990/5689/3015/5424/890/7311/51053/5714/5695/6502/9861/5709/23649/51343/55388/5702/1869/10213/5693/5682/2237/9491/5701/4174/5691/4998/4173/5686/898/5001/23198/5427/5704/5687/4175/246184/10197/56655/85236/8349/25906/5683/5715/8338/8900/8355/9134/8357/8294/8970/8341/8339/3017/8365/8334,C2
REACTOME_REGULATION_OF_HMOX1_EXPRESSION_AND_ACTIVITY,62,-0.5466638114265766,-1.8147151498769298,5.918986477988728e-4,0.023308749528598204,0.02182409926533271,4015,"tags=71%, list=28%, signal=51%",5707/5684/5685/5694/9817/5711/5688/5706/5708/5718/5692/5705/8454/7979/5717/81502/5690/5700/5719/5713/5689/7311/5714/5695/6502/9861/5709/5702/10213/5693/5682/9491/5701/3162/5691/5686/23198/5704/5687/7975/1460/10197/5683/5715,C2
REACTOME_SWITCHING_OF_ORIGINS_TO_A_POST_REPLICATIVE_STATE,88,-0.5446903097158772,-1.9110818937806988,3.6927345482236725e-5,0.002755298251507944,0.0025797995929695574,4015,"tags=62%, list=28%, signal=45%",5707/5684/5685/5694/5711/5688/5706/5708/5718/5692/81620/5705/8454/7979/5717/5690/5700/5719/4171/5713/51434/990/5689/890/7311/5714/5695/6502/9861/5709/51343/5702/10213/5693/5682/9491/5701/4174/5691/4998/4173/5686/898/5001/23198/5704/5687/4175/246184/10197/25906/5683/5715/8900/9134,C2
REACTOME_CYCLIN_A_CDK2_ASSOCIATED_EVENTS_AT_S_PHASE_ENTRY,82,-0.5441856076207985,-1.8896559144660352,1.0366605781517584e-4,0.0059074250916937195,0.005531151786819791,4015,"tags=65%, list=28%, signal=47%",5707/5684/5685/5694/5711/286826/5688/5706/5708/5718/1875/5692/5705/8454/7979/5717/7027/5690/5700/5719/5713/5689/890/7311/5714/5695/6502/9861/5709/51343/5702/1869/10213/5693/5682/9491/5701/5691/1019/1874/993/5686/898/5704/5687/10197/5925/4609/5683/5715/8900/9134/1026,C2
REACTOME_DEFECTIVE_CFTR_CAUSES_CYSTIC_FIBROSIS,58,-0.5431101566880724,-1.7808647941805011,0.0011934920426129034,0.037880012367408046,0.035467245853924696,4015,"tags=69%, list=28%, signal=50%",5707/5684/7415/5685/5694/5711/5688/5706/5708/5718/5692/5705/7979/5717/5690/5700/5719/5713/5689/7311/5714/5695/9861/5709/5702/10213/5693/5682/9491/5701/5691/1080/5686/23198/5704/5687/10197/5683/5715/91319,C2
MANALO_HYPOXIA_DN,282,-0.5420921638607553,-2.1767290176487624,8.329701562565459e-15,3.542622074559089e-11,3.316974843282645e-11,3983,"tags=60%, list=28%, signal=44%",10713/9833/55798/51018/8165/9927/5198/23404/51134/5425/3159/1736/23234/8487/6573/10038/2710/3014/79081/51022/10556/5902/4931/5188/114049/84823/11196/9221/55732/55847/6491/5717/5985/8891/5982/9156/4522/54475/8886/10007/55226/23310/2618/9894/7407/7283/55127/51076/4171/9654/23279/990/899/25926/51005/890/51053/2395/23560/7372/6502/9416/8624/79669/23649/9319/23076/55308/10528/2653/6787/55055/5245/1737/55388/10105/9391/10383/5606/54663/2237/51728/56926/10248/10622/51154/4174/1965/5036/10102/3416/84908/64976/51367/79801/2194/8884/4173/84934/898/54976/9521/10061/54455/26278/54496/1503/23198/10419/5427/39/10785/6241/1718/708/705/9875/9088/9188/55839/4953/55720/5833/93436/51001/10799/4175/55027/80324/79833/80746/10197/1717/10329/8568/55003/55612/10436/617/6723/5441/9816/3954/3419/83743/29078/56902/5925/7965/4830/10969/54962/27340/9136/51540/23171/10813/6183/23590/23246/10849/1468/23212/51491/79084/5822/28231/378708/9134/25786,C2
REACTOME_DEGRADATION_OF_GLI1_BY_THE_PROTEASOME,56,-0.5405538747519858,-1.7610039950498575,0.0014501160092807424,0.043431995686415474,0.04066559572356597,4015,"tags=70%, list=28%, signal=50%",5707/8945/5684/5685/5694/5711/5688/5706/5708/5718/5692/5705/8454/7979/5717/5690/5700/5719/5713/5689/7311/5714/5695/9861/5709/5702/10213/5693/5682/9491/5701/5691/5686/23198/5704/5687/10197/5683/5715,C2
KEGG_RIBOSOME,85,-0.5383489905251533,-1.8795809077962458,6.498483994547237e-5,0.004386992449017365,0.004107563066227602,5831,"tags=82%, list=41%, signal=49%",4736/6156/6164/6136/6167/6133/6232/3921/6189/6125/6168/6129/51187/6175/6191/6143/6159/6229/6144/6203/6224/6137/6169/6161/9349/6147/6235/6217/6132/6233/6201/6188/6222/6165/6141/9045/6157/6128/28998/6187/6223/6142/6170/6134/6176/6171/6207/6209/6206/11224/6181/6227/51065/6152/6210/51121/2197/6158/6193/6234/6155/6166/25873/7311/6154/6231/6204/200916/6139/6218,C2
GOBP_MITOCHONDRIAL_GENE_EXPRESSION,102,-0.53293663287822,-1.9152416590217505,6.658229905009404e-6,0.0030411465091130453,0.0030110968662522795,3850,"tags=65%, list=27%, signal=48%",3396/55157/55168/285367/51654/5188/54948/6472/22868/283459/81554/51021/3028/26995/26164/60528/51258/51335/10922/23395/54516/85476/54931/6832/54802/84275/64968/25821/51081/7284/64960/56652/87178/10102/55278/64963/9692/79072/51069/57129/65993/51116/5442/84881/28973/708/28958/10352/51204/400916/65080/115416/8846/80324/51250/64216/6150/9238/133522/6182/28957/6183/79736/54938/84769/92170,C5
REACTOME_G2_M_DNA_DAMAGE_CHECKPOINT,71,-0.5300382423919547,-1.8009932538509212,5.000630227627272e-4,0.021057109265444345,0.01971587717677329,334,"tags=14%, list=2%, signal=14%",10524/85236/8349/2810/8294/8970/8341/8339/3017/8365,C2
SESTO_RESPONSE_TO_UV_C1,61,-0.5298966861553849,-1.7542143267419474,7.49827965746856e-4,0.02725656699419982,0.025520460588577206,2528,"tags=26%, list=18%, signal=22%",10318/5606/5701/55969/5686/6294/5292/5687/1847/1460/3491/8682/6674/2877/1026/2012,C2
GOCC_CATALYTIC_STEP_2_SPLICEOSOME,86,-0.5284312651527857,-1.85261631786025,1.2118738685634685e-4,0.0374909860422818,0.03712053669441494,5486,"tags=71%, list=38%, signal=44%",3192/55596/55110/60625/3187/57819/6426/51639/51340/10492/22913/1659/23020/6633/22938/6627/55696/6632/8175/988/9939/26986/6634/51428/25949/10992/3185/6635/23450/51645/9343/6636/9410/51503/10946/56949/6629/10189/4116/6638/10594/84292/3190/9416/6628/9785/6637/24144/9775/51690/5356/10291/9092/27258/57461/27339/4670/8896/8220/7307/100130932,C5
REACTOME_UCH_PROTEINASES,85,-0.5280871792884224,-1.8437530251041037,1.2464074419452496e-4,0.006858600680014913,0.006421742267995698,4076,"tags=64%, list=29%, signal=46%",283899/5707/5684/7048/5685/5694/3607/5711/5688/5706/5708/5718/5692/5705/7979/79913/5717/5690/5700/8314/5719/5713/5689/7311/5714/5695/9861/5709/7345/5702/10213/5693/5682/9491/5701/5691/4738/5686/23198/5704/5687/4092/10197/29844/11047/9958/7040/5683/5715/7347/8338/8969/92815/8334,C2
GOMF_STRUCTURAL_CONSTITUENT_OF_RIBOSOME,154,-0.5279728236448537,-1.9995833634551534,2.2214172982864082e-8,4.058529403969268e-5,4.018426975900203e-5,5499,"tags=81%, list=39%, signal=50%",6136/6167/6133/78988/7818/6232/3921/6189/6125/6168/6129/51187/6175/6191/6143/6159/6208/6229/6144/6203/6224/6137/124995/116541/6169/6161/9349/6147/6235/6217/6132/6233/285855/6201/6188/6222/6165/6141/9045/6157/6128/28998/6187/6223/6142/6170/6134/6176/220717/6171/6207/10240/10573/6209/6206/11224/6181/6227/51065/6152/6210/10884/54460/29074/55168/65003/51121/64969/29093/122704/6158/6193/6234/54948/6155/51023/51650/64965/65005/6166/55052/25873/65008/51021/51258/7311/29088/60488/11222/64968/63875/64928/51081/56945/51318/64960/79590/51073/64963/51253/51649/51069/57129/84545/65993/51116/740/64983/28973/6154/6231/9553/65080/6204/219927/6150/200916/64981/51264/64979/6182/6183/6139/6218,C5
REACTOME_G1_S_DNA_DAMAGE_CHECKPOINTS,64,-0.5276439868679033,-1.761184934862299,5.530256558148617e-4,0.022835127322141813,0.02138064441438551,4015,"tags=69%, list=28%, signal=50%",5707/5684/7157/5685/5694/5711/5688/5706/5708/5718/5692/5705/7979/5717/5690/5700/5719/5713/5689/890/7311/5714/5695/9861/5709/5702/10213/5693/5682/9491/5701/5691/993/5686/898/23198/5704/5687/10197/5683/5715/8900/9134/1026,C2
REACTOME_HCMV_INFECTION,108,-0.5271559669174368,-1.9060160722531234,5.96017110831506e-6,6.182587249674134e-4,5.788787497498299e-4,371,"tags=13%, list=3%, signal=13%",8338/8355/10381/8357/8294/8970/8969/8341/8339/92815/3017/8365/8334/2874,C2
REACTOME_PROCESSING_OF_DNA_DOUBLE_STRAND_BREAK_ENDS,74,-0.5252764442397526,-1.7949287149314939,4.153463554904069e-4,0.01784311161515859,0.01670659503264444,1413,"tags=16%, list=10%, signal=15%",10524/85236/51548/8349/54962/8900/8294/8970/8341/8339/3017/8365,C2
REACTOME_TNFR2_NON_CANONICAL_NF_KB_PATHWAY,76,-0.5231354438674569,-1.7935643238648253,2.6944091505889223e-4,0.012377181584082811,0.011588817288746093,4055,"tags=70%, list=28%, signal=50%",1896/5707/8945/5684/5685/5694/5711/5688/5706/5708/5718/5692/5705/8454/7979/5717/5690/5700/5719/5713/5689/7311/5714/5695/9861/5709/7186/5702/7187/10213/5693/5682/9491/5701/5691/5971/51330/5686/8792/23198/5704/8742/5687/10197/9020/1147/943/5683/5715/60401/7133/8744/4982,C2
REACTOME_SRP_DEPENDENT_COTRANSLATIONAL_PROTEIN_TARGETING_TO_MEMBRANE,110,-0.515445530797095,-1.8687373468939923,1.3948736948109542e-5,0.001210693433475712,0.001133578343172898,5852,"tags=78%, list=41%, signal=46%",6185/4736/6156/6164/6136/6167/6727/6133/6232/3921/6731/6189/6125/6168/6129/6175/6191/6143/6159/6208/6229/6144/6203/6224/6137/6169/6161/9349/6147/6235/6217/6132/6233/6201/6188/6222/6165/6141/9045/6157/6128/6187/6223/6746/6142/6170/6134/9789/6176/6171/6207/6209/6206/11224/6184/6181/6730/6747/6227/51065/6152/6210/1650/51121/2197/6158/6193/6234/6155/6166/29927/25873/23480/7311/55176/28972/6728/10952/58477/6154/6231/6204/200916/90701/6139/6218,C2
SATOH_COLORECTAL_CANCER_MYC_UP,80,-0.5136355542785271,-1.777774670347919,2.3331700253350433e-4,0.011276104679261295,0.010557873451964676,3932,"tags=62%, list=28%, signal=46%",2739/471/5198/54107/64425/10797/5425/1841/6573/5538/3251/5634/30834/7298/6472/2821/191/219/10007/2618/11164/5424/7372/58478/23649/545/29920/51728/22934/6522/56996/1854/1019/87178/10478/8140/1503/271/5427/25902/4953/5438/6723/9016/84172/4830/54963/158/28231/60386,C2
HALLMARK_MYC_TARGETS_V1,200,-0.5135870685898375,-1.998210619547243,1.4459094357936586e-9,7.229547178968293e-8,6.240240722898948e-8,5120,"tags=74%, list=36%, signal=48%",6732/10054/56910/6418/3615/10492/3326/51020/2058/6633/6188/5250/6141/9045/6128/1982/6240/3068/1933/6187/4869/7332/8662/6627/11260/10971/6632/2079/8894/7458/3838/4176/4085/23196/2739/821/26986/5901/6634/5707/3939/2107/10987/10856/2091/54107/8318/5685/5425/11331/10921/10574/3251/5634/5093/5478/23450/5688/5706/6193/7298/3329/10549/5902/2935/6741/9377/1537/8664/6742/2547/65005/22948/7419/10576/9221/8454/4706/7416/26156/4686/6950/55651/7203/7027/8886/5690/3336/6629/328/1977/5111/2806/4171/1478/5713/10155/3015/26354/890/10907/3735/5714/3608/9868/5709/10935/10528/6059/5245/6637/26121/10213/5682/5496/7284/1854/51690/4174/23435/991/5691/1019/1965/5036/10291/4173/8761/1503/28973/5704/708/5687/9188/4953/6204/11137/4175/6150/6723/7965/4830/4609/9136/5683/51491/7307,Hallmark
REACTOME_TELOMERE_MAINTENANCE,82,-0.5127405481867747,-1.7804645986573957,5.747231538096003e-4,0.023279024506211717,0.021796267577561087,3342,"tags=41%, list=23%, signal=32%",55164/5985/55651/5982/5111/3015/5424/890/54433/65057/7014/5437/23649/5440/2237/1616/5435/5439/5438/55505/5441/85236/5436/8349/55135/8338/8900/8294/8970/8341/8339/3017/8365/8334,C2
REACTOME_EUKARYOTIC_TRANSLATION_ELONGATION,90,-0.5094601674406061,-1.7920201833960416,2.5892593539902155e-4,0.012373168575865602,0.011585059888994663,5831,"tags=79%, list=41%, signal=47%",4736/6156/6164/6136/6167/6133/6232/3921/6189/6125/6168/6129/6175/6191/6143/6159/6208/6229/6144/6203/6224/6137/6169/6161/9349/6147/6235/6217/6132/6233/6201/6188/6222/6165/6141/9045/6157/6128/1933/6187/6223/6142/6170/6134/6176/6171/6207/6209/6206/11224/6181/6227/51065/6152/6210/51121/2197/6158/6193/6234/6155/6166/25873/1936/7311/6154/6231/6204/200916/6139/6218,C2
REACTOME_APC_C_CDH1_MEDIATED_DEGRADATION_OF_CDC20_AND_OTHER_APC_C_CDH1_TARGETED_PROTEINS_IN_LATE_MITOSIS_EARLY_G1,71,-0.5076734677775834,-1.7250009857786985,0.0011356634674683495,0.036870051352235804,0.03452161428230427,4015,"tags=63%, list=28%, signal=46%",5707/5684/5685/5694/9212/5711/5688/5706/5708/5718/5692/5705/7979/5717/5690/5700/5719/5713/51434/5689/7311/5714/5695/6502/9861/5709/51343/5702/10213/5693/5682/9491/5701/991/5691/5686/23198/5704/5687/246184/10197/5925/25906/5683/5715,C2
PID_P53_DOWNSTREAM_PATHWAY,116,-0.5013009937536169,-1.830147159819868,1.5262244878624116e-5,0.0012982065493757674,0.0012155173131754746,1787,"tags=25%, list=13%, signal=22%",355/1847/6376/51499/1509/55240/581/5925/255488/27113/4233/27244/57103/1969/9540/596/6696/3725/3976/84883/7832/2810/1263/857/1026/5054/55800/9518/174,C2
SHAFFER_IRF4_TARGETS_IN_ACTIVATED_B_LYMPHOCYTE,76,-0.49881872128173466,-1.7101946982461882,7.635317480263147e-4,0.027519495969117937,0.025766642308506234,4674,"tags=67%, list=33%, signal=45%",3099/51125/8565/11260/5066/8894/29923/10397/51429/3145/836/6790/821/3417/2617/7371/3939/4141/3895/7015/10556/4200/191/54836/7416/10007/6307/6520/2618/2222/9361/6675/230/8407/3949/3156/6319/54205/6713/51330/4860/513/3638/4609/6482/54438/4598/596/1595/3662/857,C2
REACTOME_EPIGENETIC_REGULATION_OF_GENE_EXPRESSION,108,-0.4965047772497105,-1.7951918308393573,4.347846367139588e-5,0.0031881707930077018,0.0029851003279290494,1262,"tags=18%, list=9%, signal=16%",2966/5441/85236/10514/84172/9533/8349/23378/10849/8338/8355/8357/8294/8970/8341/8339/3017/8365/8334,C2
DANG_MYC_TARGETS_UP,127,-0.4941874418817592,-1.8257306890221732,1.80648892405739e-5,0.001506470077258055,0.0014105155004559562,4031,"tags=53%, list=28%, signal=38%",6634/3939/8165/7015/7157/3308/5425/3159/1736/65018/8531/5634/1104/5478/6193/7298/3329/4257/6155/22948/5481/5982/4522/8886/4691/3336/328/1977/5111/3313/5689/3015/26354/2395/6838/8624/6628/10935/1662/7345/5245/1869/3312/7295/51154/1019/1965/5036/993/1476/2194/4234/6154/84864/4953/3324/581/6723/7965/4830/8663/7037/4831/6218/80177/8061/2012,C2
REACTOME_TRANSLATION,287,-0.49384670404989417,-1.9832185140782839,1.1127852296445966e-11,1.734378490662112e-8,1.623907292728296e-8,5308,"tags=70%, list=37%, signal=45%",6143/6159/6301/6208/8661/3646/6229/6144/6203/6224/6137/124995/116541/6169/1983/1615/8665/6161/9669/9349/6147/6235/6217/2058/4528/6132/27335/6233/6201/6188/6222/6165/6141/9045/8666/6157/6128/28998/1933/6187/6223/6746/27068/8565/8662/54148/6142/6170/6134/55037/9789/6176/6171/6207/8894/7458/10240/55699/10573/6209/8668/6206/11224/6184/6181/3035/6730/6747/26986/2617/6227/118487/51065/6152/6210/10884/2107/4141/54460/29074/8893/3396/55157/55168/7453/65003/1650/51642/51121/64969/29093/122704/51504/2197/6158/6193/6234/84311/2935/26284/4677/54948/10480/8664/6155/51023/51650/64965/65005/6166/55052/29927/8891/123263/25873/23438/65008/1936/51021/7407/1977/9255/51258/23480/7311/23395/3735/29088/54534/5917/55176/54516/28972/85476/1967/60488/11222/6728/5464/55173/64968/63875/10952/54998/58477/64928/51081/7284/56945/51318/64960/1965/79590/10102/51073/64949/64976/64963/51253/25973/51649/10056/51069/57129/84545/65993/51116/740/9521/64983/1981/28973/6154/6231/10352/90480/9553/65080/6204/219927/8890/2193/92935/6150/200916/64981/92399/51264/64979/7965/8892/8663/6182/10667/90701/28957/6183/54938/6139/6218/64978,C2
GOCC_LARGE_RIBOSOMAL_SUBUNIT,109,-0.49265145263720034,-1.7876119935665962,8.127354976126104e-5,0.02699759552978617,0.026730831629612848,5110,"tags=74%, list=36%, signal=48%",6125/6168/6129/6175/6143/6159/6144/6137/124995/116541/6169/6161/9349/6147/6132/285855/6165/6141/9045/6157/6128/28998/54148/6142/6170/6134/6176/220717/6171/10573/11224/6181/6152/10884/29074/3396/55168/65003/51642/51121/29093/122704/6158/51538/84311/54948/6155/65005/6166/55052/25873/65008/51258/7311/29088/54534/11222/63875/64928/51318/79590/51073/64976/51253/51069/57129/84545/740/64983/6154/9553/65080/219927/6150/64981/51264/64979/6182/84769/6139/64978,C5
REACTOME_GENE_SILENCING_BY_RNA,93,-0.4925978531225756,-1.7421161241127776,4.3138454023472684e-4,0.018346784496182933,0.017178186481136545,422,"tags=18%, list=3%, signal=18%",5438/5441/85236/5436/8349/55124/8338/8355/8357/8294/8970/8341/8339/3017/8365/8334/56165,C2
REACTOME_OXIDATIVE_STRESS_INDUCED_SENESCENCE,81,-0.49199271668267686,-1.7046437207432703,0.00026515902013319774,0.012377181584082811,0.011588817288746093,635,"tags=16%, list=4%, signal=15%",3725/4217/8338/8355/8357/8294/1032/8970/8341/8339/3017/8365/8334,C2
REACTOME_G2_M_CHECKPOINTS,141,-0.48978656953347655,-1.8346435175065048,1.120802501259743e-6,1.906709215143075e-4,1.7852614156907827e-4,4588,"tags=59%, list=32%, signal=40%",7529/51720/10971/4172/891/5710/7156/7158/641/4176/7533/165918/5707/5684/7157/8318/9577/5685/5694/7336/3014/5711/5688/7334/5706/5810/5708/5718/5692/5705/7979/5717/3364/5985/5982/9156/5690/5700/5719/4171/5713/990/5689/7311/5714/5695/9861/5709/51512/545/55388/5702/51588/10213/5693/5682/9491/5701/4174/5691/993/4998/4173/5686/5001/23198/5704/5687/9088/4175/10524/10197/85236/8349/5683/5715/2810/8294/8970/8341/8339/3017/8365,C2
GOBP_RIBOSOME_BIOGENESIS,294,-0.48925743842537217,-1.9765175347973425,1.612663549352307e-11,5.89267260933333e-8,5.834446967498821e-8,4096,"tags=62%, list=29%, signal=45%",5901/79066/6227/51065/11157/6152/2091/51018/23404/26574/22803/25879/1736/54853/51121/29093/92345/51504/22907/285367/22984/10556/6193/6234/4931/26284/114049/84135/84128/6155/51096/9221/55164/55052/22868/26156/57418/55651/54475/8886/27042/55226/23160/65008/9790/64434/90441/55127/55813/26164/10199/23195/51335/8780/50628/10557/10412/25926/23560/54433/153443/4809/25983/54059/6838/51118/23076/64794/10528/6059/27341/1662/55299/54505/55695/51547/9775/115939/54663/117246/10248/80135/55661/27292/51081/26155/57050/51154/113000/10607/79039/4927/5393/5036/90121/64745/79954/51367/81875/84154/64963/84294/6839/27079/28987/51388/9092/51116/10885/84881/161424/51119/55794/84365/6154/708/54606/705/9875/9188/84864/23481/115416/55720/11137/55178/54984/57109/29960/55341/51001/10799/84916/220064/79050/55027/85395/92856/64216/2971/54865/55505/8568/29777/55003/10436/51010/10360/83732/10171/9816/55646/55272/88745/54555/51013/10514/8602/64979/57647/3692/10969/27340/65083/9136/9277/10813/56915/23378/54512/23246/84769/3669/23223/84946/23212/51491/5822/91893/79922/56342/6218,C5
REACTOME_TRNA_PROCESSING,106,-0.48885636958316164,-1.7620846670995063,2.0857479013839853e-4,0.010196190602972516,0.009546744477841037,3715,"tags=46%, list=26%, signal=34%",84705/51504/51493/10556/9883/10940/100101267/127253/3028/23279/1478/60528/10557/11102/54517/54931/54920/79691/79042/54802/54888/81890/283989/10248/25821/4927/51367/9692/4234/51605/10785/24140/63892/55644/10799/55039/80324/80746/55621/348180/54482/55687/83480/81605/10978/115708/8270/90353/113179,C2
MARZEC_IL2_SIGNALING_UP,88,-0.48852298054330495,-1.714015113099922,8.053183108220487e-4,0.028073924392837485,0.026285756426573,2397,"tags=43%, list=17%, signal=36%",645619/51728/84306/993/1849/51330/898/9521/5292/1503/5427/51651/54984/4860/896/80324/25816/573/5613/84172/115/8682/9533/4609/8870/1844/7040/943/596/6696/3976/8651/388/1438/9134/7133/1154/7262,C2
GOCC_RIBOSOMAL_SUBUNIT,170,-0.4881007005230695,-1.8660154234344146,1.0034001790444342e-6,6.666225916778841e-4,6.6003567758387e-4,5499,"tags=75%, list=39%, signal=46%",6189/6125/6168/6129/6175/6191/10399/6143/6159/6208/6229/6144/6203/6224/6137/124995/116541/6169/6161/9349/6147/6235/6217/6132/6233/285855/6201/6188/6222/6165/6141/9045/6157/6128/28998/6187/6223/54148/6142/6170/6134/6176/220717/6171/6207/10573/6209/6206/11224/6181/6227/51065/6152/6210/10884/54460/29074/3396/55168/65003/51642/51121/64969/29093/122704/6158/51538/6193/6234/84311/54948/6155/51023/51650/64965/65005/6166/55052/25873/65008/51021/51258/7311/29088/54534/60488/11222/54505/55173/64968/63875/64928/51081/56945/51318/64960/79590/51073/64949/64976/64963/51253/51069/57129/84545/65993/51116/740/64983/28973/6154/6231/9553/65080/6204/219927/6150/64981/51264/64979/6182/28957/6183/84769/6139/6218/64978,C5
REACTOME_SYNTHESIS_OF_DNA,117,-0.48751204827146516,-1.780773700878248,7.386574032128224e-5,0.00462925954058985,0.004334398960993826,4015,"tags=57%, list=28%, signal=41%",5707/5684/54107/8318/5685/5425/5694/10714/5711/5688/5706/5708/5718/5692/81620/5705/8454/7979/5717/5985/5982/5690/5700/5719/5111/4171/5713/51434/990/5689/5424/890/7311/5714/5695/6502/9861/5709/23649/51343/5702/10213/5693/5682/2237/9491/5701/4174/5691/4998/4173/5686/898/5001/23198/5427/5704/5687/4175/246184/10197/56655/25906/5683/5715/8900/9134,C2
REACTOME_CHROMOSOME_MAINTENANCE,109,-0.48474806899357814,-1.7566641673973205,1.273312459418141e-4,0.006858600680014913,0.006421742267995698,1381,"tags=19%, list=10%, signal=18%",55839/5439/5438/55505/5441/201254/85236/5436/8349/55135/401541/8338/8900/378708/8294/8970/8341/8339/3017/8365/8334,C2
NAKAMURA_TUMOR_ZONE_PERIPHERAL_VS_CENTRAL_UP,255,-0.4813229558515082,-1.9166663548519436,2.22990842411995e-10,1.8967601055564294e-7,1.775946014409636e-7,2724,"tags=44%, list=19%, signal=36%",11332/23597/5690/5700/3336/22827/284098/7283/7447/26292/11164/3161/55352/374291/55239/1462/9319/131076/51232/64422/4726/56262/4867/5245/8517/10383/10213/4580/55165/64411/51371/5682/5701/90417/54998/10248/4174/1965/10962/3416/9442/79077/79801/4131/55969/285381/57129/401115/54733/10273/3624/1503/84967/5427/6241/8609/7277/5687/3801/3918/4860/51372/80324/151887/347902/79833/55107/51399/7280/10197/54865/10274/283871/5889/55612/201254/494143/2113/4830/8682/10969/521/54962/3909/116496/25906/138241/9263/2824/23246/126917/7980/284184/51239/10244/4199/440574/9510/2152/306/2055/3910/64146/140809/4168/2877/857/858/1555/1303/108570035/2012,C2
WP_CYTOPLASMIC_RIBOSOMAL_PROTEINS,87,-0.4787258294928806,-1.6777418361239835,0.0010529361499131095,0.0349854487935973,0.03275705144014222,5831,"tags=78%, list=41%, signal=47%",4736/6156/6164/6136/6167/6133/6232/3921/6189/6125/6168/6129/6175/6191/6143/6159/6208/6229/6144/6203/6224/6137/6198/6169/6161/9349/6147/6235/6217/6132/6233/6201/6188/6222/6165/6141/9045/6157/6128/6187/6223/6142/6170/6134/6176/6171/6207/6209/6206/11224/6181/6227/6152/6210/2197/6158/6193/6234/6155/25873/7311/6199/6195/6154/6231/6204/6139/6218,C2
NAGASHIMA_NRG1_SIGNALING_UP,155,-0.4722669818937312,-1.787118051032008,8.326960967329207e-6,7.698818476967635e-4,7.208442411763478e-4,2050,"tags=34%, list=14%, signal=30%",4864/51330/26091/83481/23198/23082/80271/1847/8877/3918/1316/133/7280/9020/60673/150094/81873/60370/84617/3491/79693/5187/4609/8870/64782/1844/3909/51083/23764/1969/2669/2526/3669/3725/5822/3570/3976/28231/8651/2627/23237/2354/4739/27076/2810/1839/8061/7262/11221/360/1850/9518/4982,C2
REACTOME_APC_C_MEDIATED_DEGRADATION_OF_CELL_CYCLE_PROTEINS,85,-0.46810512771576673,-1.6343328888530155,0.0015040825096691017,0.04442265912237979,0.04159315887484073,4479,"tags=64%, list=31%, signal=44%",891/5710/51529/6790/4085/5707/8945/5684/5685/5694/9212/5711/5688/5706/5708/5718/5692/5705/8454/7979/5717/5690/5700/5719/5713/51434/5689/890/7311/5714/5695/6502/9861/5709/51343/5702/10213/5693/5682/9491/5701/991/5691/5686/23198/5704/5687/246184/10197/5925/25906/5683/5715/8900,C2
REACTOME_MITOTIC_G1_PHASE_AND_G1_S_TRANSITION,142,-0.46470076951638417,-1.7415393705123376,2.220278162024276e-5,0.0017816684949224992,0.0016681851612587563,4015,"tags=53%, list=28%, signal=38%",5707/5684/54107/8318/5685/5694/5711/286826/5688/5706/7298/5708/5718/1875/5692/81620/5705/8454/7979/5717/7027/5690/5700/5719/5111/4171/5713/990/5689/5519/890/7311/51053/5714/5695/6502/9861/5709/23649/55388/5702/1869/10213/5693/5682/9491/5701/4174/5691/1019/1874/993/4998/4173/5686/898/5001/5427/6241/4605/5704/5687/4175/896/4067/10197/56655/5925/4609/5683/5715/8900/9134/1032/1026,C2
REACTOME_MRNA_SPLICING,187,-0.4637377701906921,-1.792846916714451,2.429939750438307e-6,3.4279875241838834e-4,3.209641937947859e-4,4623,"tags=56%, list=32%, signal=38%",6627/55696/79622/6632/6936/8175/27238/5434/10421/1994/988/9939/6625/51729/5546/1477/11157/6634/5432/5431/10713/81608/3188/25949/10992/10921/3185/25804/9128/6635/8449/5093/10081/22826/23450/51645/9343/6636/9129/9410/51503/10946/8683/56949/10914/5725/4686/84991/23350/6629/22827/10189/4116/6638/1478/10594/6631/55749/3191/3190/9879/10907/4809/55339/10285/9416/6628/83443/5437/5440/9785/6637/24144/26121/3312/9775/51690/84844/5356/10262/10291/1660/6429/5435/56259/9092/27258/10523/55954/10465/57461/5439/10084/27339/11338/5438/4670/8896/5441/5436/1479/10978/7307/199746,C2
REACTOME_INFLUENZA_INFECTION,153,-0.46324293779776815,-1.7523674461247798,9.204645313433507e-6,8.329224791070787e-4,7.798695010239407e-4,5831,"tags=76%, list=41%, signal=45%",4736/6396/6156/6164/6136/6167/6133/5903/6232/3921/9818/6189/81929/5433/6125/6168/3839/6129/6175/23636/3840/8106/6191/1213/142/6143/6159/6208/6229/6144/6203/6224/8021/6137/2962/6169/6161/9349/6147/6235/6217/6132/6233/2926/55706/23165/6201/6188/6222/6165/9688/6141/9045/6157/6128/10762/6187/6223/79902/4928/6142/6170/6134/6176/5611/6171/6207/5434/3843/9631/6209/6206/11224/3836/3838/6181/821/23511/5901/79023/6227/51065/6152/6210/5432/3320/5431/51121/2197/6158/6193/6234/6155/9883/100101267/6166/25873/811/23279/7311/5437/1211/5440/4927/5435/6154/6231/6204/5439/5438/200916/5441/5436/7040/6139/6218,C2
GOCC_RIBOSOME,196,-0.4607102701258169,-1.787183166389487,5.53864619479299e-7,4.4485204535000297e-4,4.404564514354739e-4,5499,"tags=71%, list=39%, signal=44%",6189/6125/6168/6129/51187/6175/6191/689/10399/6143/6159/6208/6229/6144/6203/6224/6137/124995/116541/6169/6161/9349/6147/6235/6217/6132/6233/285855/6201/6188/6222/6165/6141/9045/6157/6128/28998/6187/6223/54148/6142/6170/6134/6176/220717/6171/6207/10573/6209/10985/6206/11224/6181/821/6730/6227/51065/6152/6210/10884/54460/29074/3396/55168/65003/51642/51121/64969/29093/122704/6158/51538/6193/6234/84311/54948/6155/51023/51650/64965/65005/6166/55052/51182/25873/65008/51021/328/26164/51258/7311/29088/54534/60488/11222/54505/55173/64968/63875/64928/51081/56945/51318/64960/87178/79590/51073/1660/64949/64976/64963/51253/51069/57129/84545/65993/51116/740/64983/28973/6154/6231/9553/65080/6204/219927/6150/200916/64981/51264/64979/6182/28957/6183/84769/6139/6218/64978/92170,C5
RUIZ_TNC_TARGETS_DN,133,-0.45929859609745033,-1.710581672133069,1.2043144035450851e-4,0.006739406787206904,0.006310140427439138,3070,"tags=42%, list=22%, signal=33%",2305/4171/4232/990/9397/890/51053/10602/9319/51232/27341/55055/55388/1869/10383/51514/2237/51728/10248/51154/4174/1965/993/9404/79077/79801/4998/4173/51330/898/8140/1503/6241/4501/4953/4860/4175/79000/51099/347902/26509/84617/8682/23576/54962/4233/23180/79080/23590/9052/9134/8061/960/857/858/89795,C2
REACTOME_S_PHASE,157,-0.4575378791458562,-1.7333718666031261,2.3169091374251713e-5,0.0018247804743461579,0.0017085511241480358,4033,"tags=52%, list=28%, signal=37%",9126/5707/5684/54107/8318/5885/5685/5425/5694/10714/5711/286826/5688/5706/5708/5718/1875/5692/81620/5705/8454/7979/5717/5985/5982/7027/5690/5700/5719/5111/4171/5713/51434/990/5689/5424/890/7311/5714/5695/6502/113130/9861/5709/23649/51343/5702/1869/10213/5693/5682/2237/9491/5701/4174/5691/1019/1874/993/4998/4173/5686/898/5001/23198/5427/5704/5687/4175/246184/10197/10274/56655/5925/4609/25906/5683/5715/8900/9134/1026,C2
REACTOME_PROCESSING_OF_CAPPED_INTRON_CONTAINING_PRE_MRNA,236,-0.4520666487765672,-1.7893027821563012,1.3269516832239105e-7,4.3411734682702236e-5,4.0646625244016626e-5,5522,"tags=65%, list=39%, signal=40%",9818/1665/6626/81929/5433/3192/6434/26097/55110/23636/8106/3187/57819/11017/6426/9295/51639/8021/51340/2962/23283/8563/23020/55706/23165/4904/6633/84950/9688/10762/22938/79902/4928/6627/55696/79622/6632/6936/8175/27238/5434/9631/10421/1994/988/9939/6625/56339/51729/23511/5546/1477/79023/11157/6634/5432/5431/10713/81608/3188/25949/10992/10921/3185/25804/9128/6635/84321/8449/5093/10081/22826/23450/51645/9343/6636/9129/9410/51503/10946/8683/9883/100101267/56949/10914/5725/2733/4686/84991/29107/23350/6629/22827/10189/1977/4116/6638/23279/1478/10594/6631/55749/3191/3190/9879/10907/4809/79228/55339/10285/9416/6628/83443/5437/5440/9785/6637/24144/26121/7884/3312/9775/51690/84844/4927/5356/10262/10291/1660/6429/5435/56259/9092/27258/10523/55954/10465/57461/5439/10084/27339/11338/5438/10482/4670/8896/5441/5436/10212/1479/10978/7307/199746,C2
REACTOME_ESTROGEN_DEPENDENT_GENE_EXPRESSION,103,-0.4515868979255883,-1.6238474175230841,0.001153097583041569,0.03715245470208934,0.03478602995730667,1573,"tags=23%, list=11%, signal=21%",1509/5439/2494/10524/5438/10274/5441/85236/5436/8349/4609/596/3725/2354/8338/8355/8357/8294/8970/8341/8339/3017/8365/8334,C2
REACTOME_NONSENSE_MEDIATED_DECAY_NMD,113,-0.45090975440426334,-1.6391850109233825,5.895667889102574e-4,0.023308749528598204,0.02182409926533271,5831,"tags=74%, list=41%, signal=44%",4736/6156/6164/6136/6167/6133/6232/3921/9887/6189/6125/6168/6129/55110/6175/6191/6143/6159/6208/5515/6229/6144/6203/6224/6137/6169/6161/5518/9349/6147/6235/6217/6132/6233/6201/6188/6222/6165/6141/9045/6157/6128/6187/6223/6142/6170/6134/23381/6176/6171/6207/6209/9939/6206/11224/6181/26986/6227/51065/6152/6210/2107/10921/51121/55629/2197/6158/6193/6234/2935/6155/6166/4686/25873/4116/7311/9775/1981/6154/6231/6204/200916/6139/6218,C2
GOBP_RIBONUCLEOPROTEIN_COMPLEX_BIOGENESIS,413,-0.44825247893739745,-1.8498428798393978,1.4884949001347713e-12,1.0877920730184909e-8,1.0770435730027809e-8,4149,"tags=57%, list=29%, signal=41%",10200/51729/11171/5901/79066/6227/51065/11157/6152/6634/3320/10856/2091/10713/51018/23404/26574/22803/25879/1736/8487/25804/79760/6635/54853/51121/29093/92345/51504/22907/285367/22984/10556/6193/6234/6636/9129/4931/26284/114049/56853/84135/6433/84128/6155/51096/10946/9733/8683/9221/55164/55052/22868/56949/26156/192669/4686/57418/55651/54475/8886/6895/27042/55226/23160/65008/9790/22827/64434/90441/55127/55813/26164/11189/10199/55692/23195/10594/6631/51335/8780/50628/10557/10412/25926/10907/23560/54433/153443/83640/4809/25983/54059/51631/6838/9416/6628/51118/23076/64794/10528/6059/27341/1662/6637/55299/26121/545/54505/55695/51547/9775/115939/54663/117246/10248/80135/55661/27292/51081/26155/728689/57050/51154/113000/10607/28985/79039/4927/5393/5036/90121/10291/1660/64745/79954/51367/81875/84154/64963/84294/6839/27079/11218/28987/51388/9092/51116/25980/10885/84881/161424/54496/55702/51119/10419/55794/84365/6154/25929/708/54606/705/9875/9188/84864/23481/115416/55720/11137/57461/55178/54984/57109/29960/55341/51001/10799/84916/220064/79050/55027/85395/27339/79833/92856/64216/2971/54865/55505/8568/29777/55003/10436/51010/10360/83732/10171/9816/55646/55272/88745/54555/51013/10514/8602/64979/57647/3692/10969/27340/65083/9136/9277/10978/10813/56915/23378/54512/23246/84769/3669/23223/84946/23212/8559/51491/5822/91893/54960/100130932/79922/56342/6218,C5
FOURNIER_ACINAR_DEVELOPMENT_LATE_2,275,-0.44742696157185025,-1.7912638512816652,1.0749098948085641e-8,6.530845403744033e-6,6.114863356482403e-6,4732,"tags=53%, list=33%, signal=36%",81611/7112/60491/6597/207/5347/7272/79902/1434/6627/7184/4172/29127/1033/10036/10130/2316/641/60/10447/51106/3145/10985/55159/56339/11340/6790/4176/10483/7533/51729/23511/7371/79023/3939/87/9833/308/54107/8318/10487/51444/23234/3654/9128/31/26064/10038/1104/5052/8985/71/5378/23450/7334/6636/5902/6741/4200/6611/10576/9221/8520/4522/23170/23597/5690/2305/5216/7283/51076/4171/53838/6675/990/899/3015/7873/6502/23086/6628/3949/10935/10938/9319/2653/85352/11222/6319/51514/2237/63875/55627/10531/7295/9260/10248/26155/1854/2288/23214/10113/51318/993/6429/6713/4173/51330/9521/55270/5442/5910/10419/6241/4501/55839/4953/3918/83461/4175/56942/79833/81567/55505/55612/2118/2966/617/3422/201254/7378/7004/54962/3241/396/9263/1969/26499/1595/4502/23034/4494/4496/8061/10535/29098/4907,C2
SOTIRIOU_BREAST_CANCER_GRADE_1_VS_3_UP,149,-0.44603021317893754,-1.6808287378644367,7.401590612746527e-5,0.00462925954058985,0.004334398960993826,4822,"tags=61%, list=34%, signal=41%",10615/9688/27338/7112/64151/5347/7272/11260/10376/8833/4172/29127/891/1033/641/6790/3838/4085/79980/56941/9833/4141/8318/23234/7296/9212/10112/10460/23397/56992/5688/7334/54069/2491/10963/6636/5718/6472/22948/2146/6491/84790/9156/10204/6921/2305/4171/6631/3161/3015/1349/890/23560/29088/9868/51512/9319/5440/6637/29095/55388/1869/55165/23210/2237/26519/7295/10471/991/993/55969/4173/9700/3052/8140/6241/4605/705/9088/55839/83461/4175/56942/79581/10212/4830/6182/23590/8270/9134/10535,C2
WELCSH_BRCA1_TARGETS_DN,138,-0.44487952405604675,-1.6620688030858564,1.0417514269386997e-4,0.0059074250916937195,0.005531151786819791,4638,"tags=67%, list=32%, signal=46%",8662/6627/2030/5261/7184/10036/5585/7458/10397/994/7922/6625/6749/23511/471/22937/5707/7841/6507/23513/10992/2976/6573/23644/1104/30836/7430/9632/22984/4677/4257/1537/8943/84823/6742/10946/9221/9780/7416/4522/23203/3098/11140/9790/2222/328/4843/3297/4171/7873/5424/23076/5917/2653/8266/1211/1662/5428/4832/7266/8872/22934/24142/4091/10195/2288/1019/8045/6949/2194/11007/6294/8761/898/5442/8140/1503/1718/705/50814/2193/10436/6723/7965/8892/4609/51083/6183/23246/10244/3265/5822/7307,C2
HALLMARK_E2F_TARGETS,198,-0.44313910749786073,-1.7202659960285889,5.6164973077364655e-6,9.360828846227443e-5,8.079873319901582e-5,5010,"tags=55%, list=35%, signal=36%",55143/10492/29089/9738/79733/147841/79019/23165/6119/10615/27338/672/4436/81611/7112/5347/204/1434/7083/81624/4172/29127/1033/994/9125/79677/6749/11340/6790/3838/4176/4085/5901/9126/9833/55148/7157/5885/10797/5425/3159/9212/10460/3014/10714/83463/5810/10549/5902/2935/7374/4292/2547/1786/2146/5395/9221/3364/5982/64858/7283/5111/4171/5511/3161/3015/5424/3930/6628/9183/23649/9319/10528/7884/10248/1854/84844/4174/991/1019/1965/5036/993/79077/6839/4173/898/9700/1503/6241/4605/83461/4175/10274/5889/56655/9238/55646/10212/6941/4830/4609/54962/8493/84316/7037/1026/10535,Hallmark
GOBP_NCRNA_PROCESSING,370,-0.44162872428835115,-1.821884379067821,9.203849267795266e-11,2.2420576816349268e-7,2.219903854976304e-7,3756,"tags=53%, list=26%, signal=40%",23587/54853/84705/92345/51504/285367/22984/51493/54487/10556/6234/51654/4931/64172/6741/114049/84135/84128/6155/51096/10940/9221/55164/127253/26156/150962/192669/57418/55651/123263/64118/8886/6895/27042/55226/23160/65008/9790/3028/55127/55813/80789/10199/64852/60528/23195/8780/50628/10557/10412/25926/11102/23560/3735/54433/55656/153443/4809/25983/54059/27304/51118/23076/10528/27341/54517/1662/54931/26610/54920/55299/79691/79042/55695/54802/51547/9775/115939/54888/54663/81890/51728/283989/117246/10248/25821/80135/55661/27292/57050/51154/113000/10607/79039/5393/5036/90121/79954/51367/84154/64963/9692/84294/6839/285381/25896/4234/27079/51605/28987/9092/79828/10885/84881/161424/51119/10785/84365/6154/54606/705/9875/9188/24140/63892/23481/55720/11137/55178/57109/29960/55644/8846/10799/84916/55039/79050/138716/85395/80324/92856/80746/64216/55621/348180/55505/8568/285605/29777/56931/10436/51010/80745/10360/54482/83732/55687/10171/57117/55646/55272/88745/54555/83480/51013/8602/57647/3692/10969/7737/10667/27340/65083/9136/9277/81605/10978/10813/115708/56915/23378/8270/54512/23246/126789/3669/23223/23212/5822/91893/79922/51531/56342/6218/90353/113179,C5
REACTOME_EUKARYOTIC_TRANSLATION_INITIATION,117,-0.4397711438094506,-1.6063867346001213,7.919979171348854e-4,0.027948768894627607,0.026168572704933047,5831,"tags=79%, list=41%, signal=47%",4736/6156/6164/6136/6167/6133/6232/3921/6189/6125/6168/6129/6175/6191/6143/6159/6208/8661/3646/6229/6144/6203/6224/6137/6169/1983/8665/6161/9669/9349/6147/6235/6217/6132/27335/6233/6201/6188/6222/6165/6141/9045/8666/6157/6128/6187/6223/8662/6142/6170/6134/6176/6171/6207/8894/7458/6209/8668/6206/11224/6181/26986/6227/51065/6152/6210/8893/51121/2197/6158/6193/6234/10480/8664/6155/6166/8891/25873/1977/7311/1967/1965/1981/6154/6231/6204/8890/200916/8892/8663/6139/6218,C2
REACTOME_CELLULAR_SENESCENCE,144,-0.4366635410199307,-1.639875260007642,7.799493620137712e-5,0.004738749480920813,0.0044369149421024014,1413,"tags=17%, list=10%, signal=16%",10524/246184/4790/85236/2113/5925/8349/25906/3725/4217/3006/8338/8900/8355/9134/8357/8294/1032/8970/8341/8339/3017/8365/1026/8334,C2
REACTOME_TCF_DEPENDENT_SIGNALING_IN_RESPONSE_TO_WNT,174,-0.42421350162712546,-1.626294957554214,7.674405428968163e-5,0.004730325549188638,0.0044290275725074844,551,"tags=11%, list=4%, signal=11%",5526/5715/51339/8338/59352/8395/8355/8357/8294/340419/23072/8970/8341/8339/857/3017/8365/8334/11197/7473,C2
WP_MRNA_PROCESSING,124,-0.42356879346875037,-1.562435429418795,0.001220136328540864,0.038438813372476253,0.03599045404187204,5520,"tags=65%, list=39%, signal=40%",1665/6626/3192/6434/8106/3187/57819/58155/6426/6732/6829/23283/1659/4904/6633/8732/6627/5681/6632/8175/10421/11129/1653/6625/56339/1477/6634/3188/22803/10992/10921/3182/140890/9128/6635/3276/8449/22826/3275/23450/9343/6636/9129/9410/56853/6433/10946/8683/10914/5725/4686/84991/6629/6638/1478/1198/10594/3191/3190/10907/4809/6628/83443/9785/6637/5496/51690/84844/10262/10291/1660/6429/11218/11338/10482/4670/1479/10978/8559/7307,C2
GOCC_MITOCHONDRIAL_PROTEIN_CONTAINING_COMPLEX,251,-0.422344588296875,-1.6813335079359564,1.1344844428799794e-6,6.909010257139074e-4,6.840742158207876e-4,4092,"tags=61%, list=29%, signal=44%",1327/4700/4695/140823/10884/509/26515/4698/54460/29074/11331/3396/55168/65003/51642/64969/29093/4723/122704/1337/84833/84311/54948/9377/1537/7384/51023/51650/26521/64965/65005/54543/5160/10989/4719/4706/55052/7416/1340/8050/4711/514/51021/3028/518/9556/25813/3313/292/51258/90550/4716/29928/1349/92609/1738/4708/55572/29088/9868/515/54534/374291/4718/60488/11222/4726/54931/5428/5245/4702/1737/6832/56993/10105/55173/4580/9551/64968/63875/26519/64928/51081/56945/51318/64960/7386/90580/87178/54927/79590/51073/64949/4713/4715/64976/64963/9692/4712/51253/6392/27089/10939/51069/57129/84545/1351/65993/51116/740/10452/5442/10975/64983/4722/28973/10632/400916/9553/65080/54539/10440/513/26517/219927/4714/80273/6150/581/64981/617/3419/51025/516/51264/64979/1678/29090/6390/521/6182/4704/28957/6183/84769/126328/440574/440567/84134/55013/64978/1346,C5
SCHLOSSER_MYC_TARGETS_REPRESSED_BY_SERUM,158,-0.42143524588265835,-1.5981152236582312,1.4542635046561474e-4,0.007707636543382789,0.007216698811641836,5290,"tags=63%, list=37%, signal=40%",6301/79053/8661/1635/6426/8539/10054/54726/5223/9555/1615/9933/2058/7528/9100/86/9688/27309/3099/7019/8565/4928/9908/3945/11260/2271/10196/642/10130/3843/55699/10694/1653/11340/3838/4085/23196/2617/5901/2107/509/54107/10797/8883/27107/8531/3251/7334/7290/3329/6636/5902/6741/159/6742/22948/10576/9221/22868/1051/6520/3336/1977/26268/51031/81689/10269/25983/9868/27000/8624/2531/9538/55308/11222/1662/10213/9775/7295/54205/5379/27292/1965/1660/10478/4712/55854/10939/10523/9521/4942/5876/11137/51499/3704/3419/56902/51491/7307,C2
GOBP_RRNA_METABOLIC_PROCESS,256,-0.4201610621737742,-1.679043985883651,1.8831684027034937e-6,9.830139062112237e-4,9.733007218183322e-4,4149,"tags=61%, list=29%, signal=44%",10200/2475/51729/79066/6227/11157/2091/4141/51018/64425/7157/23404/22803/25879/1736/2976/54853/92345/51504/285367/9191/22984/9328/10556/6234/4931/79002/114049/84135/84128/6155/51096/9221/55164/26156/57418/55651/8886/27042/55226/23160/65008/9790/4691/55127/55813/10199/23195/8780/50628/10557/10412/25926/23560/54433/153443/4809/25983/54059/64768/51118/23076/10528/27341/1662/55299/55695/51547/9775/115939/54663/117246/10248/80135/55661/27292/57050/51154/113000/10607/79039/6949/5393/5036/90121/79954/51367/112495/84154/64963/84294/6839/27079/28987/9092/10885/84881/161424/53918/51119/84365/6154/54606/705/9875/9188/65080/23481/55720/11137/55178/57109/29960/10799/84916/79050/85395/92856/64216/2971/55505/8568/29777/10436/51010/10360/83732/10171/55646/55272/88745/54555/51013/8602/84172/57647/3692/10969/27340/65083/9136/9277/10813/56915/23378/54512/23246/3669/23223/10849/23212/5822/91893/79922/56342/6218,C5
REACTOME_UB_SPECIFIC_PROCESSING_PROTEASES,164,-0.4135990740244584,-1.5767440687557042,9.035630594653781e-5,0.00533729679431424,0.004997337798183518,4040,"tags=50%, list=28%, signal=36%",9986/7874/5707/5684/7157/5685/8313/5694/9817/7417/6885/5711/5688/5706/5708/5718/55611/5692/5705/7419/7416/6478/7979/5717/8678/5690/5700/5719/79594/5713/5689/890/7311/5714/5695/6502/8312/9861/9868/5709/10869/7186/8517/5702/10213/5693/9146/5682/9491/5701/991/5691/993/3416/1080/5686/23198/5704/5687/51651/4092/4303/9099/10197/85236/11047/8349/9958/4609/7353/11274/5683/5715/8338/8900/8970/8969/8341/8339/92815/3017/8334,C2
HALLMARK_OXIDATIVE_PHOSPHORYLATION,197,-0.41174103258801964,-1.5962283485671718,2.6118841525968565e-5,3.264855190746071e-4,2.81808553306503e-4,4851,"tags=69%, list=34%, signal=46%",522/1345/1347/89941/6391/498/6389/5250/29796/7381/4696/3945/529/4694/2271/10449/50/4728/539/537/1355/4709/4191/7388/34/506/10063/3417/1327/4700/9131/4695/3939/10884/509/4698/9927/11331/7417/65003/8803/4723/4967/1337/9377/1537/23479/7384/26521/2821/5160/7419/10989/4719/4706/7416/1340/23203/1892/8050/4711/514/3028/518/2806/2230/3313/81689/292/1349/92609/1738/2395/4708/29088/9868/515/374291/10935/4718/4726/4702/1737/6832/56993/8992/2109/528/9551/211/26519/54205/4552/56945/51318/64960/7386/4713/788/64963/4712/6392/27089/5435/10939/1351/3052/4942/10975/4722/9296/10632/54704/1352/8402/10440/533/513/26517/4714/80273/30/2110/581/64981/54884/3419/516/6390/521/4704/6183/840/8604/527/51660,Hallmark
HALLMARK_MTORC1_SIGNALING,194,-0.40975448867024783,-1.5860849441557054,6.290971528627662e-5,6.290971528627662e-4,5.430101740499667e-4,4552,"tags=59%, list=32%, signal=41%",10135/2805/4074/8833/7184/79602/8553/8894/3145/27346/6790/6184/821/3417/3939/2107/10987/5684/27101/3308/5685/10797/7453/7296/31/3251/5052/5478/5706/11333/10096/10963/3329/57761/5718/134429/6472/7374/908/2821/26136/10989/2539/205/6652/9415/47/3336/811/112399/8615/7283/5719/4171/3313/2729/899/2286/8624/3949/51109/2965/10652/9368/3156/3157/3309/6319/5464/23753/10213/5693/5860/5606/5701/11151/10622/993/10962/928/6713/4173/80777/10452/9521/10061/8140/10682/5352/6241/7277/1718/5704/2717/4860/10197/3638/1717/81873/3422/54843/441024/56902/516/10212/9136/116496/2632/226/4793/4199/7037/1595/7832/1026,Hallmark
HALLMARK_P53_PATHWAY,180,-0.40149986893269873,-1.5436056385971146,5.074800345656756e-4,0.004229000288047296,0.003650294985472403,1674,"tags=27%, list=12%, signal=24%",5429/8877/51499/1509/79651/55602/896/30851/57799/6768/55240/581/5889/54884/7378/5925/2073/3714/10544/27244/8870/6004/1012/64782/7040/8493/6281/23378/5900/1969/3725/5820/3265/3976/8651/3006/7832/203/2810/55332/9314/23612/1839/2877/10769/8744/92815/1263/1026,Hallmark
WONG_EMBRYONIC_STEM_CELL_CORE,333,-0.4011588994214352,-1.6278424198810912,4.3513247777003966e-7,8.046167078069473e-5,7.53366665173483e-5,5300,"tags=63%, list=37%, signal=41%",55920/6301/27131/892/8661/4678/11200/57819/51155/871/1329/6760/6137/79366/6418/10926/55143/57486/6217/7528/27335/6119/6188/522/6391/10615/79071/6157/3033/4436/2023/81611/6240/28998/8607/5347/6223/7272/1434/6627/54148/54821/2271/10072/6632/4172/29127/10196/1033/10036/8894/5134/539/641/8668/5531/6206/6790/7388/3838/4176/4085/7570/2739/51729/26986/2617/10884/10856/2091/10961/997/7157/10797/115106/5694/1841/55157/10921/8487/3182/9212/65003/25804/7205/10112/3276/7336/84321/9601/1104/5052/23397/5688/79081/6193/10963/9410/79568/54948/6741/22928/51096/10592/26521/22948/1786/5160/4706/205/55847/51182/55651/8520/9156/1892/8886/10007/2618/4691/3336/328/5111/4171/3313/292/4716/990/899/3191/3190/26354/5424/890/8815/51053/2224/230/29088/113130/30968/51805/51512/9319/5245/1737/55299/10213/5693/51514/51728/54205/10248/5496/51154/84844/4174/991/1019/6949/5036/51073/1660/8192/4713/84908/51421/51253/6392/5435/6713/4998/4173/51388/5686/51116/4913/9521/10975/28973/84967/5427/6241/4605/84365/83871/10469/83461/10799/26517/4714/80324/79833/2193/10197/581/55505/10328/6941/1678/3692/10969/4609/6182/4704/158/28957/126328/79084/4831/7307,C2
REACTOME_ESR_MEDIATED_SIGNALING,159,-0.39967313721272674,-1.5175388457190155,7.492907542040512e-4,0.02725656699419982,0.025520460588577206,1666,"tags=20%, list=12%, signal=18%",8877/55970/1509/5439/2494/10524/5438/10274/5441/85236/5436/8349/4609/2787/596/3725/3265/2791/2354/8338/8355/8357/1839/8294/8970/8341/8339/857/858/3017/8365/8334,C2
YAO_TEMPORAL_RESPONSE_TO_PROGESTERONE_CLUSTER_13,173,-0.39830018864191064,-1.526413980231141,6.051267560163689e-4,0.023611046727868044,0.02210714165147198,4100,"tags=49%, list=29%, signal=35%",51241/4695/140823/3188/4698/54107/9403/29074/51571/55168/65003/6635/122704/10714/6923/84817/2098/10556/1337/84833/84311/51650/26521/138151/7979/2958/5935/4711/51699/514/84309/9556/3191/3015/1349/5479/2987/23480/9158/51596/8407/83443/51759/6637/374882/79042/2109/27077/11054/51728/10542/85359/51318/4738/5971/80777/51622/5686/27258/10975/10682/10465/28958/51293/5687/11161/54539/4714/10084/54344/219348/84337/6150/8896/8636/51264/6941/302/388753/4704/6281/8270/84316/1465/301,C2
HALLMARK_TNFA_SIGNALING_VIA_NFKB,159,-0.3898249860687106,-1.4813171552273527,0.0015734450013361722,0.011238892866686945,0.009700939105982416,1395,"tags=23%, list=10%, signal=21%",7280/4790/150094/1827/25816/23308/3371/3491/79693/5187/4609/8870/1844/23764/2669/2526/2355/3725/3976/2152/7832/388/2354/1959/55332/11182/9314/1839/9242/8061/10769/8744/960/7262/1026/5054/7130,Hallmark
HALLMARK_APOPTOSIS,130,-0.38778620284709886,-1.4318997089165213,0.005436893203883495,0.03398058252427184,0.029330608073582013,1355,"tags=17%, list=9%, signal=15%",2064/581/54884/8682/2878/4000/8870/840/3669/9890/3725/5526/7832/388/3489/4739/8900/960/857/1026/301/2012,Hallmark
KOBAYASHI_EGFR_SIGNALING_24HR_DN,240,-0.3846119416107832,-1.5255663590515698,6.75668765836477e-5,0.00444607733055388,0.00416288453759831,3455,"tags=56%, list=24%, signal=43%",27338/672/4436/7112/6240/64151/5347/7272/1434/6627/2030/7083/54821/6632/4172/29127/891/1033/10036/641/55038/55159/11340/6790/3838/4176/4085/7371/79980/9833/51018/8318/23234/84722/9212/10038/3014/80155/23397/56992/7298/5902/7374/84823/10592/81620/2146/9221/51182/6491/5985/5982/8520/9156/7027/23310/7283/5111/4171/990/899/3161/3015/56829/890/51053/29775/51512/23649/9319/10528/6059/55055/54517/55388/1869/10105/136/10383/55165/51514/2237/64318/51728/1854/4174/991/5905/6949/5036/993/79801/4998/4173/51330/9700/9521/55270/1503/5427/6241/4605/29902/9088/1847/6376/55839/8877/4953/83461/4175/6574/896/56942/7280/93081/1798/6723/84617/7378/10212/4830/54962/4233/8870/23764/7980/26872/2171/28231/9134/8061/7262/10535/4907,C2
TARTE_PLASMA_CELL_VS_PLASMABLAST_DN,287,-0.38458314670781885,-1.5444315219655147,1.1133706764456796e-5,9.86492809775724e-4,9.236581730250013e-4,4773,"tags=61%, list=33%, signal=41%",7086/4904/1719/522/1345/5214/27338/7112/6240/6597/7272/8565/7332/1434/3945/5597/2271/4172/891/483/1622/1033/10036/5710/642/2316/8836/3843/539/994/7922/5531/116138/27346/7388/3838/91137/4085/10200/7533/471/22937/10902/2617/7371/6634/2107/10987/5684/80347/3308/23404/10797/5425/3396/1841/10574/8883/6573/7453/3251/5634/3607/5770/11333/7298/6636/2935/4677/908/2821/2547/22948/9168/5705/578/2146/4719/10576/191/10914/7416/5873/6491/6950/4522/1192/11332/2730/5690/2618/3028/2222/6921/3336/6629/2305/9750/7283/5111/26292/439/3313/990/6631/899/3161/1349/890/2224/3930/515/3949/9319/23076/5917/6059/11222/6996/5245/6637/10105/10213/5682/7266/8872/7295/54205/55922/11151/1854/7867/991/1965/2194/4998/5686/898/1371/9700/4942/8140/1503/10682/23198/6241/355/7277/1718/705/10440/11137/4860/30851/11338/6150/573/10212/5925/7965/4830/10969/7353/6390/6182/4704/6281/23246/5683/7037/2171/3248/7347/1026,C2
GARY_CD5_TARGETS_DN,415,-0.3833171961090902,-1.5742058038285376,1.4793522471401013e-7,4.494060790776322e-5,4.207811692429326e-5,3652,"tags=47%, list=26%, signal=36%",121457/5688/5706/58515/29101/51645/55748/2491/10963/51654/9377/84135/908/11196/5705/55193/9221/55052/51726/22868/205/10914/262/5935/4686/5982/23203/9774/8886/3094/65008/2029/8453/51021/9532/284098/55127/5719/25813/23279/1478/81689/51808/51434/6631/55749/5479/50628/25926/7873/9879/51053/23560/23395/54433/153443/7372/10726/6502/29088/84287/56647/54534/2531/23649/2965/23076/5917/10528/85476/1967/51194/54931/6996/5245/25940/3309/79691/26973/545/54505/5702/23753/8992/4733/5693/528/51514/7266/2237/9491/5701/84541/23379/80135/55661/57050/10622/51318/23435/56652/1965/221830/10102/55278/993/51603/1660/3416/4713/79077/64963/51649/55628/6924/10808/80777/11218/89890/10061/3052/10885/51633/64983/195828/51119/84967/11146/5427/6241/7277/55276/4501/22929/28991/9689/63892/10049/54332/4860/10799/1073/27166/10084/112724/1390/8890/79833/2193/51399/54865/51000/10482/80308/10274/4670/29777/1147/55003/23678/10436/2966/25816/10171/140739/56902/64979/2113/79693/7965/4830/9533/9958/10969/7353/54962/724102/55915/4233/9136/158/9263/10330/6183/55256/3113/10244/7037/79084/60386/9134/23158/9447,C2
REACTOME_RHO_GTPASE_EFFECTORS,256,-0.38291603246441036,-1.5258021642176174,6.209889499676126e-5,0.004259783877761704,0.003988457041982137,551,"tags=6%, list=4%, signal=6%",5526/388/8338/2810/378708/8355/10381/8357/8294/8970/8341/8339/3017/8365/8334/79784,C2
BOYAULT_LIVER_CANCER_SUBCLASS_G3_UP,188,-0.3772181776084602,-1.4623763574103226,5.508125693558204e-4,0.022835127322141813,0.02138064441438551,4917,"tags=53%, list=34%, signal=35%",6132/79019/55706/6633/10923/86/6541/11321/2023/81611/64151/7272/8662/6627/5501/2495/51375/5134/10397/3843/9631/4085/55012/471/9520/7371/79023/7247/10987/9833/5885/1736/31/10460/7336/7163/5226/5706/55379/4905/4677/51096/22948/2146/10576/2539/10914/5717/9123/54475/1192/6921/56270/9255/124583/990/3161/51335/25926/26354/23480/890/58478/9319/5440/55055/54517/6996/5245/10213/55165/9146/9775/7295/51154/1965/10093/80777/9270/175/10419/5352/5704/11137/2717/10197/10205/55003/6723/79581/4830/8349/10969/54962/158/79080/23246/4831/7262,C2
REACTOME_DEUBIQUITINATION,235,-0.3638816370498556,-1.4393472473093334,7.228929255988727e-4,0.02696897905764917,0.025251190559007715,4116,"tags=45%, list=29%, signal=33%",51616/84282/283899/9986/7874/5707/5684/7157/7048/56957/7415/9577/5685/8313/5694/9817/7417/6885/8027/3607/5711/5688/5706/5708/5718/55611/5692/5705/7419/7416/6478/7979/79913/5717/8678/5690/5700/8314/5719/79594/5713/5689/890/7311/5714/5695/6502/8312/9861/9868/5709/10869/7186/79155/7345/8517/10318/5702/7187/10213/5693/9146/5682/9491/5701/991/5691/4738/993/3416/8767/1080/5686/23198/55432/5704/5687/51651/4092/4303/9099/10197/29844/85236/11047/8349/9958/4609/7353/161725/7040/11274/5683/57559/5715/7347/8338/8900/8970/126119/8969/8341/8339/92815/3017/8334,C2
REACTOME_CELL_CYCLE_CHECKPOINTS,263,-0.347380609169543,-1.3880631923596762,7.905718666046862e-4,0.027948768894627607,0.026168572704933047,4197,"tags=38%, list=29%, signal=28%",4176/4085/25909/7533/165918/79023/79980/5707/5684/7157/8318/9577/5685/5694/9212/7336/3014/5711/11243/5688/7334/5706/2491/5810/5708/5718/5692/5705/7979/5717/3364/5985/5982/9156/3619/5690/5700/5719/4171/23279/5713/51434/990/5689/5519/890/7311/5714/10726/5695/9861/5709/51512/9183/55055/545/55388/5702/51588/10213/5693/5682/9491/5701/4174/991/5691/5905/993/4998/4173/5686/898/5001/23198/5704/5687/9088/55839/4175/10524/246184/10197/85236/8349/401541/25906/5683/5526/5715/2810/8900/378708/9134/8294/8970/8341/8339/3017/8365/1026,C2
WANG_RESPONSE_TO_GSK3_INHIBITOR_SB216763_DN,329,-0.33672828201365623,-1.365844028752128,3.604856131733265e-4,0.015805621781712964,0.01479888306711551,3239,"tags=38%, list=23%, signal=30%",55651/5982/9156/219/8208/9415/6307/23310/2618/3336/10189/284098/127281/4171/6875/11164/990/3015/50628/57650/890/51053/7372/3930/27304/10602/3949/10938/9319/51194/27341/54517/54931/9368/6637/3157/83605/6319/7097/56997/55388/23753/51514/2237/90417/51154/2288/10113/4174/56652/10102/993/84908/79077/79801/2194/6839/6713/6924/10808/4173/51388/898/5292/195828/8140/22824/1503/10682/5427/39/10785/6241/4605/7277/1718/705/9088/220042/55720/83858/4175/10598/220/124402/64216/10217/3638/93081/1717/60673/55859/2118/3422/9816/55646/56902/6941/10969/4609/54962/143244/23180/2180/1802/65083/56915/6183/54512/221143/23223/7037/51491/2171/1595/28231/92745/27349/7903/60386/4282/85329/9134/91319/85455/239,C2
GOBP_NCRNA_METABOLIC_PROCESS,497,-0.32746776456914023,-1.3558630183126845,2.2852289076085674e-5,0.009278029364890784,0.009186352930351634,3648,"tags=47%, list=26%, signal=36%",285367/6621/9191/22984/51493/9328/54487/10556/6234/57470/51654/4931/5188/4677/79002/64172/6741/114049/84135/84128/6155/51096/10940/9221/55164/127253/26156/150962/192669/57418/283459/55651/123263/6618/64118/8886/23438/6895/27042/55226/23160/65008/84524/9790/4691/3028/84309/7407/55127/55813/80789/10199/64852/60528/23195/8780/50628/10557/10412/25926/11102/23560/23395/3735/54433/55656/153443/4809/25983/54059/27304/64768/51118/23076/5917/10528/27341/54517/1662/80149/54931/26610/54920/55299/79691/79042/5970/55695/54802/51547/9775/115939/54888/54663/81890/51728/283989/117246/10248/23379/25821/80135/55661/27292/57050/51154/113000/10607/79039/87178/6949/5393/5036/90121/55278/79954/51367/112495/84154/64963/9692/84294/6839/25973/285381/25896/4234/10056/27079/51605/28987/9092/79828/10885/84881/161424/53918/51119/10785/84365/6154/54606/705/9875/10352/9188/24140/63892/65080/23481/55720/11137/55178/57109/29960/55644/8846/10799/84916/55039/79050/138716/85395/80324/7702/92856/80746/2193/92935/64216/2971/55621/348180/4790/55505/8568/285605/29777/56931/8178/10436/51010/80745/10360/54482/83732/5441/55687/10171/57117/55646/55272/88745/54555/83480/51013/8602/84172/57647/3692/10969/7737/10667/27340/65083/9136/9277/81605/10978/10813/115708/56915/23378/54938/8270/54512/23246/126789/3669/23223/10849/23212/3265/5822/91893/79922/51531/56342/6218/55124/90353/113179/56165,C5
FULCHER_INFLAMMATORY_RESPONSE_LECTIN_VS_LPS_UP,478,-0.30079227911381856,-1.246809475012583,0.001363944377312129,0.04114081870006018,0.03852035520247693,2377,"tags=27%, list=17%, signal=23%",51728/8772/26519/54602/58477/9260/4091/8209/51154/7867/4327/10953/80305/10897/553115/79077/113419/7327/285381/5435/151963/387066/29922/80777/6388/9521/8792/3624/23220/84270/55276/80146/4501/28958/3708/8482/8402/126321/4092/51499/6769/4860/51693/51228/6574/359845/56942/79658/6252/80273/388962/91582/7280/55240/391356/2971/29937/1827/81873/10436/56655/26509/84617/7982/9455/5436/84879/84102/3371/2744/9435/5376/79693/4830/8682/115123/10544/4233/10534/11000/8195/116496/51083/10330/3163/8829/6183/23764/54438/284184/54498/1465/84946/10244/149111/6696/23212/3725/10899/7035/58504/2152/4217/7832/56034/1728/4493/2055/10344/1438/874/27076/3662/8900/140809/5800/4494/4496/1839/7462/112597/55509/101927752/8744/7262/1263/360/5570/84803,C2
REACTOME_CELL_CYCLE_MITOTIC,500,-0.29834376267622725,-1.2407602024245192,0.001167847443594039,0.03734477577146953,0.0349661011406114,4096,"tags=34%, list=29%, signal=25%",5901/27183/79023/347733/79980/9126/5707/8945/3320/5684/984/54107/7157/8318/5885/80028/5685/5425/115106/5694/9212/10112/3014/1104/10714/55844/23397/5711/11243/286826/5688/5706/2491/7298/5708/5718/1875/653784/1069/5692/10592/81620/5705/9883/100101267/8454/92421/7979/5717/5985/84790/5982/7027/3619/2029/23310/5690/5700/2305/55142/8615/7283/5719/5111/4171/23279/5713/51434/990/5689/3161/3015/5424/5519/890/8815/7311/51053/5714/10726/5695/6502/113130/9861/3930/5709/51512/9183/23649/51343/55055/81876/55388/5702/1869/10383/10213/5693/5682/2237/9491/5701/63943/5577/4174/991/4927/5691/1019/5905/1874/993/29922/4998/4173/5686/898/9700/5001/23198/5427/6241/4218/4605/7277/5704/5687/9088/55839/4175/896/4067/1460/246184/7280/200014/10197/10274/8636/56655/84617/85236/5925/8349/4609/401541/4000/25906/5683/5526/5715/8338/8900/378708/79648/8355/9134/10381/8357/8294/1032/8970/8341/8339/3017/8365/1026/8334,C2
MIKKELSEN_MEF_HCP_WITH_H3K27ME3,333,0.5033008723144807,1.4069802081857568,6.230780053464112e-4,0.02409046142489352,0.022556020040435158,1857,"tags=32%, list=13%, signal=29%",126410/152330/64211/30820/3167/6496/240/10320/5100/252995/440073/5799/167826/57565/54361/2899/11317/4808/6833/7137/338645/150696/8532/375567/84530/3642/55118/116444/57628/56341/134285/54550/2016/22986/285368/9427/121643/222865/27120/6869/80725/460/362/8447/148229/55001/887/3784/6571/131096/22865/8739/51412/11069/164633/27023/388336/4185/126669/10683/11122/3745/10718/119587/88/7148/23624/50863/10815/9254/9066/113220/64478/169611/90249/7287/23743/441027/3787/26038/6564/10235/80274/79957/6870/6585/57863/6262/2257/9227/23263/6862/10882/151835/147699/7060/85442/23349/57348/4916/23544/1594/4070/9620/777/25924/27132/57698,C2
MARTENS_TRETINOIN_RESPONSE_UP,384,0.5094169153896227,1.4281148766068241,1.8758802366376982e-4,0.00938602193696486,0.008788179486316302,2126,"tags=29%, list=15%, signal=25%",340390/163175/374569/4004/5653/5100/1187/11067/54660/340990/2949/6518/116986/284312/414918/253314/79192/23746/5650/26254/7137/151176/1800/5320/150696/8532/57402/4242/116844/126567/116444/133022/256158/57172/11166/5002/134285/5104/2016/8578/23630/5600/222865/341405/7052/152573/3383/4330/646643/153571/51085/8639/6531/5742/482/26050/80332/164633/1143/147138/54554/92999/84063/155368/378884/64072/79981/9066/140706/90249/1397/1435/9721/1028/85446/5655/80274/4356/1943/6751/5920/1289/3761/225689/2777/54760/10882/4585/1365/85442/64900/59341/2921/4741/3659/4070/255057/3306/112464/3397/10278/114794/90594/340371/11255/10723/4440/146664/2902/153572,C2
MIKKELSEN_MCV6_HCP_WITH_H3K27ME3,253,0.5104603899411805,1.4170205209857176,0.0015286649996456736,0.04483732581719345,0.041981413384098616,1979,"tags=32%, list=14%, signal=28%",64211/57593/4004/252995/79192/57699/4808/3363/6833/84929/150696/9671/54549/56134/1298/116444/57628/56341/54550/2016/9353/9427/3899/81033/638/25960/113452/41/3855/83881/362/8447/113/729956/887/3784/6571/22865/4824/2626/164633/126669/10683/11122/221400/10718/1305/1296/128434/8913/79632/9254/9244/83937/1815/26038/64084/84867/80274/1943/10391/5151/349136/392862/6585/6751/2257/3761/6862/10882/23349/25893/10991/85409/4916/23544/2047/25924/56301/29947/3049/114794,C2
MEBARKI_HCC_PROGENITOR_FZD8CRD_DN,244,0.5151877153584212,1.4285214272621343,0.0014800547417507222,0.04401869102563511,0.04121492151669476,2636,"tags=40%, list=18%, signal=33%",25981/634/1187/5799/2159/6819/139221/3175/368/5244/4703/388591/84691/25791/5507/6296/5002/5104/256329/2185/64859/221981/8578/197257/783/285671/160622/79630/79789/51085/378938/148229/8322/201229/644596/1740/10840/11069/80022/2913/253559/9615/1803/10912/114904/80221/9066/22996/11093/83937/401024/5629/4485/3249/79957/440104/101928979/2444/4129/23263/54760/89846/90990/64900/2027/9563/256714/26140/25999/1294/79762/3087/1942/340371/8991/8325/401320/114900/7442/79674/283/100131564/8622/55599/7008/57509/3291/2053/6095/9844/1512/25956/32/4647/79841/18/30008,C2
GOMF_CALCIUM_ION_BINDING,472,0.5424338296182114,1.5258177627286693,1.0025645834378307e-7,1.3829092387287038e-4,1.3692446787977287e-4,2346,"tags=30%, list=16%, signal=26%",222663/56108/30820/51702/8404/56112/5100/54660/56140/2159/56109/1007/1607/8788/4053/83259/92291/5320/64123/9752/57402/11131/1005/4636/3270/65217/25992/56134/57088/80258/55118/9185/147968/256158/56101/56142/54550/27253/83394/9353/56146/25891/84698/7052/286097/649/80303/7059/83872/56126/8447/8639/115727/22795/1950/79056/164633/30819/10683/56624/57575/64093/487/56145/2621/91683/88/54795/715/56113/23624/64094/56106/79057/8416/64072/10669/54997/9066/27328/57451/84812/63826/1463/64800/11093/1825/1004/56100/57526/78987/30818/63928/64084/10235/80274/7429/10747/56132/6585/6262/2201/5332/11328/1953/162494/4017/51661/54681/340706/23213/56123/286204/4148/7060/8605/85409/57348/9620/777/10125/51199/26548/5639/182/5816/2902/7273/22981/23284/5627/56137/30846/89/23245/56139/56099/54885/8425/5979/120114/1002/55784,C5
MIKKELSEN_NPC_HCP_WITH_H3K27ME3,190,0.5450940850575634,1.4961623188044328,6.772773450728074e-4,0.02571839775530937,0.02408026500385743,2218,"tags=36%, list=16%, signal=31%",1592/64211/10320/440073/3055/54361/2899/57699/4053/3363/84929/8532/55118/57628/115749/2016/83394/221833/81615/22986/9353/3589/9427/121643/222865/80725/81704/83881/9619/5017/6531/887/3784/164633/55089/345079/388336/11122/1305/91683/4773/10815/9254/610/7225/81035/441027/64084/8987/11075/80274/57863/6262/9227/340706/6862/10882/147699/23349/25830/9620/54101/54796/11255/386617/2902/114900/26507/6340,C2
GOCC_ION_CHANNEL_COMPLEX,185,0.5696278727801407,1.5625866654057265,1.7459893597354312e-4,0.0490757316959482,0.04859081319360872,1871,"tags=30%, list=13%, signal=27%",30820/246329/1187/775/3759/2899/2898/6833/1188/59283/375567/778/54102/2564/116444/57628/2892/2568/285175/2185/23630/57101/286097/783/7224/6339/729956/2900/3784/30819/1143/388336/9196/3745/487/54795/9472/8913/1804/9254/610/7225/6526/3787/30818/55584/59285/7223/6262/3761/782/57348/777/3306/2906/170850,C5
MEISSNER_BRAIN_HCP_WITH_H3K27ME3,126,0.5765403039711035,1.5446553013900528,0.001100762066045724,0.03601185436071126,0.03371808012834797,1839,"tags=34%, list=13%, signal=30%",126410/1592/64211/3167/2637/167826/8788/4053/151176/150696/116444/134285/9427/23630/121643/113452/140766/3855/83881/5017/362/6571/2626/27023/221400/1305/1296/7148/4016/23624/375616/9244/1815/349136/1748/6862/79582/147699/1365/7060/59341/9620/126969,C2
REACTOME_BIOLOGICAL_OXIDATIONS,116,0.5835340777626011,1.5544263464123746,0.0013435843845637082,0.041109815737765835,0.038491326973150386,2055,"tags=29%, list=14%, signal=25%",126410/1592/23491/27233/2949/6819/1800/285440/653689/9/8639/4143/5742/216/51302/133688/119391/1583/314/6820/4128/1545/2941/4129/6817/196743/25830/1593/196/1594/1573/54996/2947/92292,C2
MEISSNER_NPC_HCP_WITH_H3K4ME2_AND_H3K27ME3,208,0.5922831828560952,1.6323818446355705,2.582214093058255e-6,3.4279875241838834e-4,3.209641937947859e-4,1890,"tags=33%, list=13%, signal=29%",222663/1592/3167/5733/440073/5799/54361/2899/57699/4053/3363/84929/9671/55118/57628/56341/115749/2016/221833/81615/22986/9427/3899/638/344838/80725/81704/9619/5017/131096/245973/8739/51412/164633/345079/1995/388336/9515/11122/1305/91683/286336/84063/64094/79026/4773/10815/54997/9254/610/81035/441027/343702/64084/8987/80274/57863/6262/137970/340706/6862/10882/23349/25830/196/9620/25924/170850/56660,C2
GOBP_CELL_CELL_ADHESION_VIA_PLASMA_MEMBRANE_ADHESION_MOLECULES,190,0.6320317685793847,1.7353538149187904,1.1353934636524662e-7,1.3829092387287038e-4,1.3692446787977287e-4,2385,"tags=37%, list=17%, signal=31%",152330/56108/7042/8404/56112/634/5100/54660/56140/23767/56109/1007/83259/266727/9752/1005/54549/10178/65217/56134/56101/56142/91624/27253/56146/3383/335/83872/56126/84631/22865/57575/11122/26011/56145/128434/56113/56106/64072/64221/27328/57451/1825/1004/56100/57526/64084/152404/84628/56132/3556/57863/137970/56123/286204/1365/1946/9620/221935/22871/1364/23284/56137/56139/56099/6092/5979/120114/1002/5801,C5
GOBP_HOMOPHILIC_CELL_ADHESION_VIA_PLASMA_MEMBRANE_ADHESION_MOLECULES,119,0.6888159213515959,1.840723611235699,1.8255010796160773e-7,1.9058231271191847e-4,1.886991642297882e-4,2385,"tags=42%, list=17%, signal=35%",152330/56108/56112/634/5100/54660/56140/56109/1007/83259/9752/1005/54549/65217/56134/56101/56142/91624/27253/56146/83872/56126/57575/11122/56145/128434/56113/56106/64072/64221/27328/1825/1004/56100/57526/64084/152404/56132/57863/56123/9620/221935/56137/56139/56099/6092/5979/120114/1002/5801,C5
GOBP_REGULATION_OF_CELL_KILLING,44,0.7412018183031821,1.7877531229876473,5.9512359805861e-5,0.02071030121243963,0.020505662220826493,1362,"tags=30%, list=10%, signal=27%",7042/634/1379/177/3589/912/3902/3383/7409/5272/3134/3135/6850,C5
PID_GLYPICAN_1PATHWAY,23,0.7875034294878587,1.7321568885340328,9.152240991579938e-4,0.031139584749751585,0.029156149617807922,525,"tags=22%, list=4%, signal=21%",7042/3055/5320/3084/9353,C2
KORKOLA_EMBRYONIC_CARCINOMA_VS_SEMINOMA_DN,18,0.8346612308773491,1.7633853244956461,3.778014653299691e-4,0.016395812571922026,0.015351481668563623,533,"tags=28%, list=4%, signal=27%",643224/7503/79192/221662/91646,C2
